"Table 2: Drug-related deaths by underlying cause of death 1 , Scotland, 1996 to 2020",,,,,,,,,,
,,,,,,,,,,
Year,All causes of death,Underlying cause of death (ICD10 codes),,,,,,,,
,,Drug abuse,Accidental poisoning,Intentional self-poisoning,"Assault by drugs, etc.",Undetermined intent,,,,
,,,,,,,,,,
,,"(F11-F16, F19)",(X40-X44),(X60-X64),(X85),(Y10-Y14),,,,
annual averages:,,,,,,,,,,
1996-2000,260,189,13,34,0,25,,,,
2006-2010,496,328,55,33,0,80,,,,
,,,,,,,,,,
1996,244,175,10,41,0,18,,,,
1997,224,142,14,42,0,26,,,,
1998,249,179,16,32,0,22,,,,
1999,291,227,12,19,1,32,,,,
2000,292,220,11,34,0,27,,,,
2001,332,227,19,34,0,52,,,,
2002,382,280,17,30,0,55,,,,
2003,317,216,15,40,0,46,,,,
2004,356,232,32,32,0,60,,,,
2005,336,204,31,43,0,58,,,,
2006,421,280,51,40,0,50,,,,
2007,455,299,39,27,0,90,,,,
2008,574,370,59,34,0,111,,,,
2009,545,380,60,34,0,71,,,,
2010,485,312,67,28,0,78,,,,
old rules - 2011,584,417,56,36,0,75,,,,
old rules - 2012,581,381,72,65,0,63,,,,
old rules - 2013,527,359,74,50,1,43,,,,
old rules - 2014,614,429,109,45,0,31,,,,
old rules - 2015,706,495,123,54,0,34,,,,
old rules - 2016,868,663,130,48,0,27,,,,
old rules - 2017,934,746,111,54,0,23,,,,
old rules - 2018,"1,187",976,116,59,0,36,,,,
old rules - 2019,"1,280",988,216,43,0,33,,,,
old rules - 2020,"1,339","1,027",232,57,1,22,,,,
2016-2020 average (old coding rules),,,,,,,,,,
,"1,122",880,161,52,0,28,,,,
,,,,,,,,,,
new coding rules,,,,,,,,,,
2011,584,12,346,36,0,190,,,,
2012,581,26,365,65,0,125,,,,
2013,527,22,366,50,1,88,,,,
2014,614,32,471,45,0,66,,,,
2015,706,49,553,54,0,50,,,,
2016,868,32,730,48,0,58,,,,
2017,934,34,807,54,0,39,,,,
2018,"1,187",45,"1,017",59,0,66,,,,
2019,"1,280",47,"1,134",43,0,56,,,,
2020,"1,339",14,"1,242",57,1,25,,,,
2016-2020 average (new coding rules),,,,,,,,,,
,"1,122",34,986,52,0,49,,,,
,,,,,,,,,,
,,,,,,,,,,
Footnote,,,,,,,,,,
"1) The coding rules were changed with effect from the start of 2011, as explained in Annex C (paragraphs C7 to C9). Briefly, 'drug abuse' deaths from 'acute intoxication' were previously counted under 'mental and behavioural disorders due to psychoactive substance use' (unless they were known to be due to intentional self-harm or assault). They are now counted under the appropriate 'poisoning' category. For example, if the cause of death of a known drug abuser was given as 'adverse effects of heroin' (and it was not intentional self-harm or assault), the underlying cause of death would be coded as follows:",,,,,,,,,,
,,,,,,,,,,
,,,,,,,,,,
,,,,,,,,,,
,,,,,,,,,,
(a) up to 2010 - as 'F11 - mental and behavioural disorders due to use of opioids'.,,,,,,,,,,
"(b) from 2011 - the appropriate 'poisoning' category, such as 'X42 - accidental poisoning by and exposure to narcotics and psychodysleptics (hallucinogens) not elsewhere classified'.",,,,,,,,,,
,,,,,,,,,,
"National Records of Scotland has estimated what the figures for 2011 onwards would have been, had the data been coded using the old rules.",,,,,,,,,,
,,,,,,,,,,
� Crown Copyright 2021,,,,,,,,,,
