"Table NPS2: Drug poisoning deaths on the basis of the Office for National Statistics (ONS) 'wide' definition which involved New Psychoactive Substances (NPSs), 2010 to 2020",,,,,,,,,,,,,,,,,,,
,,,,,,,,,,,,,,,,,,,
,,,,,,,,,,,,,,,,,,,
,,,,,2010,2011,2012,2013,2014,2015,2016,2017,2018,2019,2020,,,,
,,,,,,,,,,,,,,,,,,,
,,,,,,,,,,,,,,,,,,,
,,,,,,,,,,,,,,,,,,,
All drug poisoning deaths (on the basis of the ONS 'wide' definition) ,,,,,692,749,734,685,743,813,997,"1,045","1,313","1,406","1,461",,,,
,,,,,,,,,,,,,,,,,,,
Deaths which involved 'New Psychoactive Substances' 1 ,,,,,11,47,47,113,114,112,345,363,588,805,907,,,,
,,,,,,,,,,,,,,,,,,,
,of which:,,,,,,,,,,,,,,,,,,
,(a) deaths for which one (or more) New Psychoactive Substances was,,,,,,,,,,,,,,,,,,
,,"implicated in, or potentially contributed, to the death",,,9,28,32,60,62,74,286,337,575,785,872,,,,
,,,,,,,,,,,,,,,,,,,
,,(i) included in this report's statistics of drug-related deaths,,,6,26,30,58,56,72,281,335,572,780,864,,,,
,,"(i.e. in the Drug Strategy 'baseline' definition, as implemented by NRS)",,,,,,,,,,,,,,,,,
,,of which:,,,,,,,,,,,,,,,,,
,,,NPS the only substance(s)* implicated in the death 2,,4,0,3,4,3,2,2,4,8,9,18,,,,
,,,Other substance(s)** also implicated in the death 3,,2,26,27,54,53,70,279,331,564,771,846,,,,
,,,,,,,,,,,,,,,,,,,
,,(ii) NOT included in those statistics,,,3,2,2,2,6,2,5,2,3,5,8,,,,
,,of which:,,,,,,,,,,,,,,,,,
,,,NPS the only substance(s)* implicated in the death 4,,3,1,2,2,4,1,2,1,1,0,1,,,,
,,,Other substance(s)** also implicated in the death 5,,0,1,0,0,2,1,3,1,2,5,7,,,,
,,,,,,,,,,,,,,,,,,,
,,(iii) total of (i) + (ii):,,,,,,,,,,,,,,,,,
,,,NPS the only substance(s)* implicated in the death,,7,1,5,6,7,3,4,5,9,9,19,,,,
,,,Other substance(s)** also implicated in the death,,2,27,27,54,55,71,282,332,566,776,853,,,,
,,,,,,,,,,,,,,,,,,,
,,,,,,,,,,,,,,,,,,,
,(b) deaths for which one (or more) New Psychoactive Substances was,,,,,,,,,,,,,,,,,,
,,present but not considered to have contributed to the death,,,2,19,15,53,52,38,59,26,13,20,35,,,,
,,of which:,,,,,,,,,,,,,,,,,
,,,(i) included in this report's statistics of drug-related deaths 6,,2,19,15,52,51,36,58,25,13,20,34,,,,
,,,(ii) NOT included in those statistics 7,,0,0,0,1,1,2,1,1,0,0,1,,,,
,,,,,,,,,,,,,,,,,,,
,Total: all deaths which involved New Psychoactive Substances,,,,11,47,47,113,114,112,345,363,588,805,907,,,,
,of which:,,,,,,,,,,,,,,,,,,
,,,(i) included in this report's statistics of drug-related deaths,,8,45,45,110,107,108,339,360,585,800,898,,,,
,,,(ii) NOT included in those statistics,,3,2,2,3,7,4,6,3,3,5,9,,,,
,,,,,,,,,,,,,,,,,,,
,,,,,,,,,,,,,,,,,,,
Footnotes,,,,,,,,,,,,,,,,,,,
1) The substances which are counted (for the purpose of these figures) as 'New Psychoactive Substances' are described in Annex E.,,,,,,,,,,,,,,,,,,,
"2) For example, the death was after 15 April 2010, the cause of death was certified as 'mephedrone intoxication', and no other substance was said to have been found.",,,,,,,,,,,,,,,,,,,
"3) For example, the cause of death was certified as 'adverse effects of methadone and mephedrone'.  ",,,,,,,,,,,,,,,,,,,
"Note that the date of death is not a factor, because methadone has 'always' been controlled.",,,,,,,,,,,,,,,,,,,
"4) For example, the death occurred up to 15 April 2010, the cause of death was certified as 'mephedrone intoxication', and no other substance was said to have been found.",,,,,,,,,,,,,,,,,,,
"5) For example, the death occurred up to 15 April 2010, and both mephedrone and an uncontrolled volatile substance were said to be implicated in, or potentially contributed, to the death.",,,,,,,,,,,,,,,,,,,
,,,,,,,,,,,,,,,,,,,
"6) For example, the cause of death was given as 'heroin, alcohol and diazepam toxicity', and BZP and TFMPP were also present.",,,,,,,,,,,,,,,,,,,
"7) An artificial example would be a death which occurred up to 15 April 2010, co-codamol was said to be implicated in, or potentially contributed, to the death; mephedrone was said to be present but did not contribute to the death.",,,,,,,,,,,,,,,,,,,
,,,,,,,,,,,,,,,,,,,
"* apart, perhaps, from alcohol. ",,,,,,,,,,,,,,,,,,,
"** apart, perhaps, from alcohol.",,,,,,,,,,,,,,,,,,,
,,,,,,,,,,,,,,,,,,,
� Crown Copyright 2021,,,,,,,,,,,,,,,,,,,
     ,,,,,,,,,,,,,,,,,,,
,,,,,,,,,,,,,,,,,,,
,,,,,,,,,,,,,,,,,,,
,,,,,,,,,,,,,,,,,,,
,,,,,,,,,,,,,,,,,,,
,,,,,,,,,,,,,,,,,,,
,,,,,,,,,,,,,,,,,,,
,,,,,,,,,,,,,,,,,,,
,,,,,,,,,,,,,,,,,,,
,,,,,,,,,,,,,,,,,,,
,,,,,,,,,,,,,,,,,,,
,,,,,,,,,,,,,,,,,,,
,,,,,,,,,,,,,,,,,,,
,,,,,,,,,,,,,,,,,,,
,,,,,,,,,,,,,,,,,,,
,,,,,,,,,,,,,,,,,,,
,,,,,,,,,,,,,,,,,,,
,,,,,,,,,,,,,,,,,,,
,,,,,,,,,,,,,,,,,,,
,,,,,,,,,,,,,,,,,,,
,,,,,,,,,,,,,,,,,,,
