Table NPS3: Drug poisoning deaths on the basis of the Office for National Statistics (ONS) 'wide' definition which involved New Psychoactive Substances (NPSs)1 and were registered in 2020,,,,,,,,,,,
,,,,,,,,,,,
,,,,,,,,,,,
,,,,,,,,,,,
"(i) Deaths for which one or more NPSs were implicated in, or potentially contributed to, the death",,,,,,,,,,,
,,,,,,,,,,,
,(a) Benzodiazepine-type NPS present; no other types of NPS,,,,,,,,,,
,,,,,,,,,,,
,,Included in this report's statistics of drug-related deaths2,,,,,,,,,
,,,,,,,,,,,
,,no.,"Substances which were implicated in, or potentially contributed to, the cause of death","Substances which were present, but which were not considered to have contributed to the death",,,,,,,
,,,,,,,,,,,
,,1,"Methadone, Etizolam",Alcohol,,,,,,,
,,2,"Buprenorphine, Flubromazolam", ,,,,,,,
,,3,"Oxycodone, Alprazolam, Etizolam, Diazepam, Pregabalin", ,,,,,,,
,,4,"Dihydrocodeine, Pregabalin, Etizolam, Alprazolam, Diazepam, Cocaine","Quetiapine, Cannabis",,,,,,,
,,5,"Cocaine, Methadone, Etizolam, Buprenorphine, Alcohol", ,,,,,,,
,,6,"Heroin, Benzodiazepine, Etizolam, Clonazepam, Temazepam, Alcohol",Cocaine,,,,,,,
,,7,"Methadone, Gabapentin, Pregabalin, Buprenorphine, Codeine,
Tramadol, Flualprazolam, Etizolam",Olanzapine,,,,,,,
,,8,"Methadone, Diazepam, Flualprazolam, Morphine, Pregabalin",Cannabis,,,,,,,
,,9,"Heroin, Diazepam, Etizolam, Cocaine, Methylphenidate, Pregabalin","Quetiapine, Sertraline, Paracetamol, Alcohol",,,,,,,
,,10,"Alprazolam, Diazepam, Etizolam, Oxycodone, Pregabalin, Alcohol",Cannabis,,,,,,,
,,11,"Dihydrocodeine, Hydrocodone, Methadone, Olanzapine, Diazepam,
Etizolam, Amitriptyline",Alcohol,,,,,,,
,,12,"Methadone, Pregabalin, Etizolam, Diazepam","Mirtazapine, Codeine, Paracetamol, Morphine, Alcohol",,,,,,,
,,13,"Methadone, Etizolam, Pregabalin, Diazepam", ,,,,,,,
,,14,"Heroin, Methadone, Etizolam, Cocaine","Mirtazapine, Paracetamol, Alcohol",,,,,,,
,,15,"Etizolam, Methadone","Mirtazapine, Pregabalin",,,,,,,
,,16,"Heroin, Flualprazolam, Methamphetamine", ,,,,,,,
,,17,"Heroin, Methadone, Flualprazolam, Diazepam, Pregabalin, Cocaine","Mirtazapine, Paracetamol, Alcohol",,,,,,,
,,18,"Morphine, Heroin, Diazepam, Etizolam, Gabapentin, Methadone",Mirtazapine,,,,,,,
,,19,"Heroin, Methadone, Flualprazolam, Cocaine","Pregabalin, Quetiapine, Paracetamol, Promethazine",,,,,,,
,,20,"Heroin, Alprazolam, Adinazolam, Cocaine, Hydrocodone, Gabapentin","Mirtazapine, Olanzapine, Sertraline",,,,,,,
,,21,"Gabapentin, Buprenorphine, Etizolam, Diazepam, Zopiclone, Cocaine","Amitriptyline, Naloxone",,,,,,,
,,22,"Gabapentin, Buprenorphine, Etizolam, Diazepam, Zopiclone, Cocaine","Amitriptyline, Naloxone",,,,,,,
,,23,"Heroin, Cocaine, Etizolam, Dihydrocodeine, Diazepam, Amitriptyline,
Alcohol","Mirtazapine, Fluoxetine",,,,,,,
,,24,"Heroin, Methadone, Etizolam, Cocaine, Alcohol","mirtazapine, pregabalin, paracetamol, cannabis",,,,,,,
,,25,"Methadone, Morphine, Etizolam, Diazepam, Cocaine, Alcohol","Mirtazapine, Zopiclone, Cannabis",,,,,,,
,,26,"Methadone, Etizolam, Pregabalin, Zopiclone, Cocaine, Alcohol", ,,,,,,,
,,27,"Methadone, Etizolam, Diazepam, Pregabalin, Amphetamine, Cocaine,
Alcohol",Zopiclone,,,,,,,
,,28,"Cocaine, Etizolam, Diazepam, Alcohol", ,,,,,,,
,,29,"Heroin, Etizolam", ,,,,,,,
,,30,"Methadone, Etizolam, Diazepam","Quetiapine, Cannabis",,,,,,,
,,31,"Heroin, Methadone, Etizolam, Cocaine","Paracetamol, Cannabis",,,,,,,
,,32,"Heroin, Methadone, Cocaine, Etizolam, Pregabalin, Diazepam,
Trazodone, Alcohol","Mirtazapine, Olanzapine, Amitriptyline",,,,,,,
,,33,"Heroin, Etizolam",Mirtazapine,,,,,,,
,,34,"Cocaine, Etizolam, Alcohol","Fluoxetine, Mirtazapine, Methadone, Amitriptyline, Baclofen",,,,,,,
,,35,"Cocaine, Etizolam, Methadone, Gabapentin, Diazepam, Zopiclone","Lamotrigine, Quetiapine, Paracetamol, Nortriptyline,
Mirtazapine",,,,,,,
,,36,"Heroin, Methadone, Etizolam, Alprazolam, Diazepam, Pregabalin,
Cocaine","Mirtazapine, Quetiapine, Paracetamol, Cannabis",,,,,,,
,,37,"Methadone, Etizolam, Alprazolam, Gabapentin, Cocaine","Pregabalin, Amitriptyline, Mirtazapine, Zopiclone, Quetiapine,
Dihydrocodeine, Salbutamol, Paracetamol, Cannabis",,,,,,,
,,38,"Heroin, Methadone, Pregabalin, Etizolam, Cocaine, Amphetamine","Mirtazapine, Paracetamol, Cannabis",,,,,,,
,,39,"Morphine, Etizolam, Pregabalin, Diazepam, Alprazolam","Mirtazapine, Sertraline, Alcohol",,,,,,,
,,40,"Methadone, Flualprazolam, Cocaine","Morphine, codeine, Hydrocodone, paracetamol, Ibuprofen,
Cyclizine, Promethazine, sertraline, propranolol",,,,,,,
,,41,"Heroin, Cocaine, Flualprazolam, Alcohol","Diazepam, Risperidone, Procyclidine, Cannabis",,,,,,,
,,42,"Methadone, Morphine, Heroin, Etizolam", ,,,,,,,
,,43,"Morphine, Heroin, Etizolam", ,,,,,,,
,,44,"Morphine Sulphate, Methadone, Etizolam, Diazepam, Pregabalin", ,,,,,,,
,,45,"Heroin, Methadone, Etizolam, Cocaine", ,,,,,,,
,,46,"Buprenorphine, Heroin, Etizolam, Pregabalin", ,,,,,,,
,,47,"Morphine, Heroin, Etizolam, Alcohol", ,,,,,,,
,,48,"Heroin, phenazepam, cocaine", ,,,,,,,
,,49,"Heroin, Methadone, Etizolam", ,,,,,,,
,,50,"Heroin, Cocaine, Etizolam", ,,,,,,,
,,51,"Fentanyl, Etizolam, Flubromazolam, Diazepam", ,,,,,,,
,,52,"Morphine, Heroin, Etizolam, Tramadol", ,,,,,,,
,,53,"Morphine, Heroin, Etizolam, Diazepam, Buprenorphine, Alcohol", ,,,,,,,
,,54,"Morphine, Heroin, Etizolam", ,,,,,,,
,,55,"Dihydrocodeine, Etizolam", ,,,,,,,
,,56,"Methadone, Etizolam, Gabapentin, Diazepam", ,,,,,,,
,,57,"Etizolam, Diazepam, Methadone, Pregabalin", ,,,,,,,
,,58,"Etizolam, Gabapentin, Tramadol", ,,,,,,,
,,59,"Cocaine, Methadone, Etizolam, Gabapentin", ,,,,,,,
,,60,"Heroin, Etizolam", ,,,,,,,
,,61,"Methadone, Etizolam", ,,,,,,,
,,62,"Etizolam, Methadone, Pregabalin", ,,,,,,,
,,63,"Methadone, Etizolam, Cocaine", ,,,,,,,
,,64,"Morphine, Heroin, Etizolam, Tramadol, Methadone", ,,,,,,,
,,65,"Morphine, Methadone, Etizolam",Alcohol,,,,,,,
,,66,"Heroin, Methadone, Etizolam, Cocaine, Pregabalin, Gabapentin", ,,,,,,,
,,67,"Morphine, Dihydrocodeine, Methadone, Etizolam, Gabapentin,
Pregabalin", ,,,,,,,
,,68,"Etizolam, Heroin, Methadone, Pregabalin", ,,,,,,,
,,69,"Etizolam, Methadone, Cocaine, Pregabalin", ,,,,,,,
,,70,"Etizolam, Methadone, Mirtazapine", ,,,,,,,
,,71,"Methadone, Etizolam, Morphine, Gabapentin","Dothiepin, Dihydrocodeine, Mirtazapine, Cannabis",,,,,,,
,,72,"Methadone, Etizolam","Pregabalin, Olanzapine, Mirtazapine, Sertraline, Sodium
Valproate, Diazepam, Cannabis, Morphine",,,,,,,
,,73,"Heroin, Methadone, Etizolam, Gabapentin",Alcohol,,,,,,,
,,74,"Cocaine, Etizolam, Buprenorphine",Diazepam,,,,,,,
,,75,"Heroin, Methadone, Etizolam, Gabapentin",Mirtazapine,,,,,,,
,,76,"Heroin, Cocaine, Etizolam, Pregabalin", ,,,,,,,
,,77,"Etizolam, Pregabalin, Methadone, Cocaine",Alcohol,,,,,,,
,,78,"Opiate, Buprenorphine, Tramadol, Codeine, Etizolam, Cocaine, MDMA","Sertraline, Lamotrigine",,,,,,,
,,79,"Etizolam, Methadone","Pregabalin, Mirtazapine, Promethazine",,,,,,,
,,80,"Etizolam, Diazepam, Pregabalin, Methadone",Cocaine,,,,,,,
,,81,"Methadone, Etizolam, Cocaine","Pregabalin, Mirtazapine",,,,,,,
,,82,"Methadone, Etizolam, Cocaine",Mirtazapine,,,,,,,
,,83,"Methadone, Dihydrocodeine, Etizolam, Diazepam, Pregabalin", ,,,,,,,
,,84,"Dihydrocodeine, Etizolam, Alcohol",Diazepam,,,,,,,
,,85,"Heroin, Methadone, Etizolam",Mirtazapine,,,,,,,
,,86,"Heroin, Etizolam, Cocaine",Pregabalin,,,,,,,
,,87,"Etizolam, Alcohol","Pregabalin, Tadalafil",,,,,,,
,,88,"Buprenorphine, Etizolam, Cocaine", ,,,,,,,
,,89,"Heroin, Codeine, Methadone, Etizolam, Cocaine, Amitriptyline,
Pregabalin","Promethazine, Mirtazapine",,,,,,,
,,90,"Etizolam, Methadone, Diazepam", ,,,,,,,
,,91,"Opiate, Heroin, Codeine, Methadone, Etizolam, Amitriptyline,
Pregabalin", ,,,,,,,
,,92,"Morphine, Heroin, Dihydrocodeine, Etizolam, Diazepam, Methadone", ,,,,,,,
,,93,"Heroin, Methadone, Etizolam, Dihydrocodeine, Pregabalin, Diazepam", ,,,,,,,
,,94,"Methadone, Pregabalin, Diazepam, Etizolam", ,,,,,,,
,,95,"Etizolam, Cocaine, Pregabalin, Methadone", ,,,,,,,
,,96,"Methadone, Etizolam, Pregabalin", ,,,,,,,
,,97,"Methadone, Etizolam, Pregabalin",Levetiracetam,,,,,,,
,,98,"Tramadol, Methadone, Etizolam, Gabapentin, Amitriptyline,
Temazepam", ,,,,,,,
,,99,"Methadone, Codeine, Etizolam, Cocaine", ,,,,,,,
,,100,"Etizolam, Methadone, Pregabalin","Cocaine, Mirtazapine",,,,,,,
,,101,"Heroin, Etizolam, Cocaine", ,,,,,,,
,,102,"Heroin, Etizolam, Cocaine, Pregabalin",Chlorpheniramine,,,,,,,
,,103,"Heroin, Methadone, Etizolam, Pregabalin", ,,,,,,,
,,104,"Heroin, Methadone, Etizolam",Mirtazapine,,,,,,,
,,105,"Etizolam, Methadone, Pregabalin, Morphine", ,,,,,,,
,,106,"Morphine, Methadone, Gabapentin, Pregabalin, Etizolam", ,,,,,,,
,,107,"Flubromazolam, Etizolam, Methadone, Pregabalin", ,,,,,,,
,,108,"Cocaine, Diazepam, Heroin, Etizolam", ,,,,,,,
,,109,"Opiate, Methadone, Morphine, Codeine, Etizolam, Alcohol", ,,,,,,,
,,110,"Fentanyl, Methadone, Etizolam, Cocaine","Pregabalin, Paracetamol",,,,,,,
,,111,"Cocaine, Flualprazolam, Diazepam, Alcohol", ,,,,,,,
,,112,"Cocaine, Etizolam, Methadone, Pregabalin", ,,,,,,,
,,113,"Heroin, Methadone, Etizolam, Pregabalin",Mirtazapine,,,,,,,
,,114,"Methadone, Etizolam","Sertraline, Morphine, Codeine, Alcohol",,,,,,,
,,115,"Methadone, Etizolam","Mirtazapine, Alcohol",,,,,,,
,,116,"Morphine, Heroin, Flualprazolam, Cocaine, Methadone, Buprenorphine,
Pregabalin, Diazepam, Alprazolam", ,,,,,,,
,,117,"Methadone, Etizolam, Diazepam, Gabapentin, Pregabalin, Amitriptyline","Morphine, Codeine, Mirtazapine",,,,,,,
,,118,"Etizolam, Methadone",Alcohol,,,,,,,
,,119,"Methadone, Etizolam, Mirtazapine",Heroin,,,,,,,
,,120,"Dihydrocodeine, Morphine, Pregabalin, Etizolam","Mirtazapine, Codeine",,,,,,,
,,121,"Dihydrocodeine, Diazepam, Etizolam, Gabapentin",Paracetamol,,,,,,,
,,122,"Methadone, Etizolam, Amitriptyline, Pregabalin, Codeine",Alcohol,,,,,,,
,,123,"Methadone, Diazepam, Etizolam Diclazepam, Pregabalin", ,,,,,,,
,,124,"Methadone, Heroin, Etizolam, Pregabalin", ,,,,,,,
,,125,"Heroin, Methadone, Etizolam, Alcohol", ,,,,,,,
,,126,"Methadone, Etizolam", ,,,,,,,
,,127,"Cocaine, Methadone, Etizolam, Pregabalin", ,,,,,,,
,,128,"Cocaine, Amphetamine, Methadone, Etizolam, Flualprazolam",Paracetamol,,,,,,,
,,129,"Methadone, Etizolam, Gabapentin", ,,,,,,,
,,130,"Methadone, Morphine, Heroin, Etizolam", ,,,,,,,
,,131,"Etizolam, Alprazolam, Flualprazolam, Diazepam, Dihydrocodeine,
Methadone, Morphine, MDMA, MDA", ,,,,,,,
,,132,"Methadone, Etizolam, Gabapentin","Mirtazapine, Codeine, Morphine",,,,,,,
,,133,"Methadone, Etizolam, Gabapentin, Morphine","Diazepam, Dihydrocodeine",,,,,,,
,,134,"Heroin, Methadone, Etizolam, Gabapentin",Alcohol,,,,,,,
,,135,"Methadone, Gabapentin, Etizolam",Paracetamol,,,,,,,
,,136,"Heroin, Methadone, Etizolam, Diazepam, Pregabalin",Buprenorphine,,,,,,,
,,137,"Methadone, Etizolam, Amphetamine, Cocaine","Codeine, Dihydrocodeine",,,,,,,
,,138,"Morphine, Etizolam, Cocaine, Codeine, Methadone, Pregabalin",Alcohol,,,,,,,
,,139,"Heroin, Etizolam, Tramadol",Diazepam,,,,,,,
,,140,"Methadone, Heroin, Morphine, Etizolam, Dihydrocodeine, Mirtazapine,
Pregabalin, Gabapentin, Cyclizine", ,,,,,,,
,,141,"Buprenorphine, Cocaine, Etizolam, Diazepam, Flubromazolam","Sertraline, Mirtazapine",,,,,,,
,,142,"Etizolam, Codeine, Dihydrocodeine",Paracetamol,,,,,,,
,,143,"Methadone, Etizolam, Dihydrocodeine",Alcohol,,,,,,,
,,144,"Methadone, Diazepam, Etizolam, Flualprazolam, Pregabalin, Cocaine","Morphine, Alcohol",,,,,,,
,,145,"Etizolam, Methadone, Pregabalin, Amphetamine","Fluoxetine, Amitriptyline",,,,,,,
,,146,"Methadone, Etizolam, Pregabalin, Alcohol", ,,,,,,,
,,147,"Morphine, Etizolam, Pregabalin, Cocaine",Alcohol,,,,,,,
,,148,"Morphine, Alprazolam, Etizolam, Diazepam, Tramadol, Alcohol", ,,,,,,,
,,149,"Methadone, Morphine, Etizolam",Mirtazapine,,,,,,,
,,150,"Cocaine, Heroin, Flualprazolam, Mirtazapine, Diazepam, Gabapentin,
Buprenorphine", ,,,,,,,
,,151,"Buprenorphine, Etizolam, Flubromazolam","Codeine, Morphine, Mirtazapine",,,,,,,
,,152,"Heroin, Methadone, MDMA, Ecstasy, Gabapentin, Etizolam", ,,,,,,,
,,153,"Methadone, Pregabalin, Etizolam", ,,,,,,,
,,154,"Methadone, Etizolam", ,,,,,,,
,,155,"Cocaine, Buprenorphine, Etizolam", ,,,,,,,
,,156,"Heroin, Buprenorphine, Etizolam","Gabapentin, Pregabalin, Alcohol",,,,,,,
,,157,"Cocaine, Diazepam, Etizolam, Buprenorphine", ,,,,,,,
,,158,"Methadone, Etizolam, Alprazolam, Codeine","Paracetamol, Alcohol",,,,,,,
,,159,"Cocaine, Methadone, Etizolam, Flubromazolam, Gabapentin,
Olanzapine", ,,,,,,,
,,160,"Methadone, Codeine, Etizolam, Pregabalin","Mirtazapine, Chlorpromazine",,,,,,,
,,161,"Cocaine, Methadone, Heroin, Diazepam, Pregabalin, Gabapentin,
Nitrazepam, Flubromazolam", ,,,,,,,
,,162,"Etizolam, Cocaine, Diazepam, Dihydrocodeine, Morphine, Oxycodone",Fluoxetine,,,,,,,
,,163,"Methadone, Etizolam", ,,,,,,,
,,164,"Methadone, Etizolam, Flualprazolam, Cocaine, Diazepam", ,,,,,,,
,,165,"Etizolam, Methadone, Pregabalin", ,,,,,,,
,,166,"Morphine, Heroin, Etizolam, Alcohol", ,,,,,,,
,,167,"Etizolam, Methadone, Pregabalin, Zopiclone", ,,,,,,,
,,168,"Methadone, Etizolam, Gabapentin, Alcohol", ,,,,,,,
,,169,"Methadone, Etizolam, Mirtazapine, Gabapentin",Alcohol,,,,,,,
,,170,"Morphine, Heroin, Etizolam", ,,,,,,,
,,171,"Dihydrocodeine, Etizolam, Amphetamine, Pregabalin",Alcohol,,,,,,,
,,172,"Heroin, Methadone, Etizolam, Pregabalin",Mirtazapine,,,,,,,
,,173,"Heroin, Methadone, Etizolam","Diazepam, Pregabalin, Alcohol",,,,,,,
,,174,"Methadone, Phenazepam, Etizolam, Tramadol, Morphine", ,,,,,,,
,,175,"Etizolam, Methadone, Heroin, Morphine, Codeine, Mirtazapine",Alcohol,,,,,,,
,,176,"Methadone, Etizolam, Pregabalin", ,,,,,,,
,,177,"Amphetamine, Etizolam, Methadone, Morphine, Heroin, Buprenorphine", ,,,,,,,
,,178,"Morphine, Codeine, Etizolam",Alcohol,,,,,,,
,,179,"Etizolam, Dihydrocodeine, Methadone",Amitriptyline,,,,,,,
,,180,"Methadone, Etizolam",Morphine,,,,,,,
,,181,"Cocaine, Etizolam",Diazepam,,,,,,,
,,182,"Etizolam, Gabapentin, Morphine, Heroin, Cocaine","Carbamazepine, Levetiracetam, Mirtazapine, Sertraline",,,,,,,
,,183,"Amphetamine, Etizolam",Alcohol,,,,,,,
,,184,"Heroin, Amphetamine, Etizolam","Gabapentin, Alcohol",,,,,,,
,,185,"Methadone, Etizolam, Amitriptyline, Mirtazapine, Tramadol, Codeine,
Dihydrocodeine, Pregabalin",Paracetamol,,,,,,,
,,186,"Heroin, Etizolam, Cocaine, Alcohol", ,,,,,,,
,,187,"Cocaine, Heroin, Methadone, Etizolam, Delorazepam", ,,,,,,,
,,188,"Etizolam, Diazepam, Methadone, Pregabalin", ,,,,,,,
,,189,"Etizolam, Codeine, Morphine, Alcohol",Paracetamol,,,,,,,
,,190,"Etizolam, Alcohol", ,,,,,,,
,,191,"Heroin, Methadone, Etizolam, Dihydrocodeine, Gabapentin, Cocaine",Mirtazapine,,,,,,,
,,192,"Methadone, Etizolam, Pregabalin","Chlorpromazine, Codeine, Naproxen, Amitriptyline",,,,,,,
,,193,"Heroin, Etizolam, Codeine, Alcohol","Amitriptyline, Mirtazapine, Paracetamol",,,,,,,
,,194,"Dihydrocodeine, Etizolam","Amitriptyline, Diazepam",,,,,,,
,,195,"Cocaine, Etizolam, Methadone, Morphine, Pregabalin, Clonazepam", ,,,,,,,
,,196,"Etizolam, Heroin, Morphine, Flualprazolam", ,,,,,,,
,,197,"Etizolam, Clonazolam, Codeine, Tramadol, Mirtazapine, Zolpidem",Paracetamol,,,,,,,
,,198,"Codeine, Dihydrocodeine, Etizolam, Diazepam, Gabapentin","Mirtazapine, Paracetamol",,,,,,,
,,199,"Heroin, Etizolam",Buprenorphine,,,,,,,
,,200,"Heroin, Methadone, Etizolam, Pregabalin","Diazepam, Mirtazapine",,,,,,,
,,201,"Methadone, Heroin, Etizolam, Alcohol", ,,,,,,,
,,202,"Etizolam, Methadone, Morphine", ,,,,,,,
,,203,"Cocaine, Methadone, Etizolam, Zopiclone, Pregabalin",Nitrazepam,,,,,,,
,,204,"Heroin, Methadone, Etizolam, Pregabalin, Cocaine", ,,,,,,,
,,205,"Dihydrocodeine, Morphine, Etizolam, Codeine, Diazepam, Pregabalin","Mirtazapine, Sertraline, Paracetamol",,,,,,,
,,206,"Heroin, Methadone, Flualprazolam", ,,,,,,,
,,207,"Dihydrocodeine, Etizolam", ,,,,,,,
,,208,"Alprazolam, Diazepam, Etizolam, Flualprazolam, Pregabalin, Zopiclone", ,,,,,,,
,,209,"Methadone, Etizolam","Cocaine, Pregabalin, Benzoylecgonine",,,,,,,
,,210,"Methadone, Diazepam, Etizolam, Amitriptyline, Mirtazapine,
Pregabalin, Alcohol", ,,,,,,,
,,211,"Cocaine, Codeine, Etizolam, Methadone",Paracetamol,,,,,,,
,,212,"Methadone, Etizolam, Cocaine", ,,,,,,,
,,213,"Heroin, Etizolam, Promethazine, Diazepam, MDMA", ,,,,,,,
,,214,"Etizolam, Methadone, Morphine, Buprenorphine, Alcohol",Sertraline,,,,,,,
,,215,"Morphine, Cocaine, Etizolam","Mirtazapine, Alcohol",,,,,,,
,,216,"Methadone, Pregabalin, Etizolam",Chlordiazepoxide,,,,,,,
,,217,"Cocaine, Etizolam, Morphine", ,,,,,,,
,,218,"Methadone, Buprenorphine, Etizolam, Pregabalin", ,,,,,,,
,,219,"Methadone, Etizolam, Gabapentin, Pregabalin, Tramadol,
Dihydrocodeine, Amphetamine","Procyclidine, Diazepam, Diltiazem",,,,,,,
,,220,"Heroin, Etizolam, Flubromazolam, Temazepam",Cocaine,,,,,,,
,,221,"Cocaine, Heroin, Etizolam, Flubromazolam, Methadone","Pregabalin, Mirtazapine",,,,,,,
,,222,"Morphine, Etizolam, Alcohol", ,,,,,,,
,,223,"Heroin, Etizolam, Buprenorphine, Pregabalin",Diazepam,,,,,,,
,,224,"Cocaine, amphetamine, mirtazapine, phenazepam, alcohol", ,,,,,,,
,,225,"Methadone, Etizolam, Phenazepam",Diazepam,,,,,,,
,,226,"Etizolam, Dihydrocodeine, Pregabalin","Tramadol, Quetiapine, Trazodone",,,,,,,
,,227,"Etizolam, heroin, cocaine, MDMA","Diazepam, Alcohol",,,,,,,
,,228,"Methadone, Phenazepam, Etizolam, Pregabalin","Mirtazapine, Promethazine, Alcohol",,,,,,,
,,229,"Methadone, Tramadol, Morphine, Etizolam, Pregabalin, Gabapentin", ,,,,,,,
,,230,"Heroin, Methadone, Gabapentin, Phenazepam, Flubromazolam,
Etizolam, Cocaine","Codeine, Promethazine",,,,,,,
,,231,"Methadone, Etizolam","Gabapentin, Diazepam",,,,,,,
,,232,"Methadone, Etizolam, Cocaine",Alcohol,,,,,,,
,,233,"Methadone, Phenazepam, Pregabalin, Cocaine, Amphetamine", ,,,,,,,
,,234,"Heroin, Etizolam, Methadone, Alcohol","Gabapentin, Venlafaxine",,,,,,,
,,235,"Methadone, Heroin, Etizolam Pregabalin, Cocaine",Mirtazapine,,,,,,,
,,236,"Methadone, Etizolam, Phenazepam, Pregabalin", ,,,,,,,
,,237,"Methadone, Etizolam, Amphetamine",Venlafaxine,,,,,,,
,,238,"Methadone, Etizolam, Amphetamine", ,,,,,,,
,,239,"Heroin, Etizolam", ,,,,,,,
,,240,"Methadone, Etizolam","Dihydrocodeine, Paracetamol, Pregabalin",,,,,,,
,,241,"Heroin, methadone, etizolam, alcohol",Buprenorphine,,,,,,,
,,242,Etizolam,Pregabalin,,,,,,,
,,243,"Methadone, etizolam, pregabalin","Diazepam, Mirtazapine, Amitriptyline, Cocaine",,,,,,,
,,244,"Etizolam, Phenazepam, Pregabalin, Dihydrocodeine, Morphine,
Methadone, Cocaine",Diazepam,,,,,,,
,,245,"Etizolam, Methadone, Amphetamine, Cocaine", ,,,,,,,
,,246,"Methadone, Flubromazolam",Cyclizine,,,,,,,
,,247,"Methadone, Buprenorphine, Dihydrocodeine, Etizolam", ,,,,,,,
,,248,"Heroin, Etizolam", ,,,,,,,
,,249,"Methadone, Morphine, Etizolam", ,,,,,,,
,,250,"Heroin, Etizolam", ,,,,,,,
,,251,"Etizolam, alprazolam, dihydrocodeine", ,,,,,,,
,,252,"Methadone, Morphine, Etizolam, Pregabalin", ,,,,,,,
,,253,"Ketamine, Cocaine, Etizolam, Pregabalin, Amphetamine",Dihydrocodeine,,,,,,,
,,254,"Heroin, Etizolam, Methadone", ,,,,,,,
,,255,"Methadone, Flubromazolam", ,,,,,,,
,,256,"Methadone, dihydrocodeine, codeine, etizolam, pregabalin","Diazepam Paracetamol, Alcohol",,,,,,,
,,257,"Etizolam, Gabapentin, Dihydrocodeine, Zopiclone","Paracetamol, Quetiapine, Sertraline",,,,,,,
,,258,"Methadone, Morphine, Etizolam",Pregabalin,,,,,,,
,,259,"Heroin, Etizolam, Gabapentin, Cocaine, Alcohol","Diazepam, Pregabalin, Amitriptyline",,,,,,,
,,260,"Methadone, Etizolam","Gabapentin, Mirtazapine, Benzodiazepine",,,,,,,
,,261,"Codeine, Pregabalin, Etizolam","Mirtazapine, Alcohol",,,,,,,
,,262,"Heroin, Etizolam, Cocaine",Alcohol,,,,,,,
,,263,"Etizolam, Pregabalin",Mirtazapine,,,,,,,
,,264,"Heroin, Methadone, Etizolam","Cocaine, Mirtazapine",,,,,,,
,,265,"Heroin, Etizolam, Gabapentin","Cocaine, Diazepam, Amitriptyline, Paracetamol, Alcohol",,,,,,,
,,266,"Methadone, Phenazepam, Cocaine","Tramadol, Pregabalin, Sertraline, Etizolam",,,,,,,
,,267,"Methadone, Etizolam, Flubromazolam, Morphine","Mirtazapine, Pregabalin, Cocaine",,,,,,,
,,268,"Cocaine, Methadone, Etizolam, Pregabalin","Mirtazapine, Cyclizine, Alcohol",,,,,,,
,,269,"Heroin, Etizolam, Temazepam, Methadone, Pregabalin","Mirtazapine, Gabapentin, Alcohol",,,,,,,
,,270,"Methadone, Etizolam, Cocaine, Alcohol", ,,,,,,,
,,271,"Methadone, Etizolam, Phenazepam, Cocaine", ,,,,,,,
,,272,"Heroin, Methadone, Etizolam, Gabapentin, Cocaine",Mirtazapine,,,,,,,
,,273,"Etizolam, Alcohol", ,,,,,,,
,,274,"Heroin, Etizolam, Pregabalin, Methadone, Cocaine",Mirtazapine,,,,,,,
,,275,"Dihydrocodeine, Methadone, Morphine, Gabapentin, Pregabalin,
Etizolam","Cocaine, Mirtazapine, Alcohol",,,,,,,
,,276,"Methadone, Etizolam, Gabapentin, Pregabalin","Diazepam, Mirtazapine",,,,,,,
,,277,"Heroin, Etizolam, Cocaine","Diazepam, Alcohol",,,,,,,
,,278,"Methadone, Etizolam","Amitriptyline, Quetiapine, Dihydrocodeine",,,,,,,
,,279,"Gabapentin, Pregabalin, Dihydrocodeine, Etizolam, Cocaine", ,,,,,,,
,,280,"Heroin, Methadone, Etizolam","Mirtazapine, Paracetamol, Diazepam, Promethazine, Alcohol",,,,,,,
,,281,"Methadone, Etizolam","Morphine, Lignocaine",,,,,,,
,,282,"Morphine, Etizolam, Methadone", ,,,,,,,
,,283,"Methadone, Etizolam, Gabapentin, Alprazolam, Morphine", ,,,,,,,
,,284,"Flubromazolam, Etizolam, Methadone, Cocaine","Mirtazapine, Codeine",,,,,,,
,,285,"Heroin, Methadone, Etizolam", ,,,,,,,
,,286,"Cocaine, Flubromazolam, Alcohol", ,,,,,,,
,,287,"Morphine, Etizolam, Cocaine",Diazepam,,,,,,,
,,288,"Tramadol, methadone, pregabalin, dihydrocodeine, etizolam, cocaine","Diazepam, Mirtazapine, Olanzapine, Morphine",,,,,,,
,,289,"Cocaine, Etizolam, Alcohol",Mirtazapine,,,,,,,
,,290,"Methadone, Gabapentin, Etizolam","Diazepam, Cocaine, Alcohol",,,,,,,
,,291,"Buprenorphine, Etizolam","Gabapentin, Pregabalin, Cocaine",,,,,,,
,,292,"Heroin, Methadone, Etizolam","Phenazepam, Levetiracetam, Mirtazapine",,,,,,,
,,293,"Heroin, Etizolam, Cocaine","Tramadol, Dihydrocodeine",,,,,,,
,,294,"Heroin, Methadone, Buprenorphine, Etizolam, Cocaine","Diazepam, Pregabalin, Alcohol",,,,,,,
,,295,"MDMA, Flubromazepam, Flubromazolam",Alcohol,,,,,,,
,,296,"Buprenorphine, Methadone, Heroin, Etizolam, Pregabalin","Cocaine, Amitriptyline",,,,,,,
,,297,"Etizolam, Morphine, Heroin, Gabapentin", ,,,,,,,
,,298,"Methadone, Etizolam",Alcohol,,,,,,,
,,299,"Methadone, morphine, etizolam, gabapentin",Paracetamol,,,,,,,
,,300,"Methadone, Diazepam, Etizolam, Pregabalin","Cocaine, Promethazine",,,,,,,
,,301,"Heroin, Pregabalin, Gabapentin, Etizolam, Diclazepam",Diazepam,,,,,,,
,,302,"Methadone, Etizolam, Flualprazolam", ,,,,,,,
,,303,"Methadone, Etizolam, Diazepam, Pregabalin, Alprazolam, Cocaine,
Alcohol", ,,,,,,,
,,304,"Methadone, Flubromazolam, Ketamine","Cocaine, Diazepam, Alcohol",,,,,,,
,,305,"Heroin, Methadone, Etizolam, Cocaine","Paracetamol, Mirtazapine, Dihydrocodeine, Alprazolam",,,,,,,
,,306,"Morphine, Etizolam, Methadone, Cocaine", ,,,,,,,
,,307,"Heroin, Etizolam","Paracetamol, Sertraline",,,,,,,
,,308,"Heroin, Etizolam", ,,,,,,,
,,309,"Buprenorphine, Etizolam, Pregabalin","Olanzapine, Paracetamol, Amphetamine",,,,,,,
,,310,"Heroin, Etizolam, Alcohol","Morphine, 6-MAM, Codeine",,,,,,,
,,311,"Methadone, Flubromazolam","Diazepam, Pregabalin, Fluoxetine, Zopiclone",,,,,,,
,,312,"Heroin, Etizolam, Delorazepam, Lorazepam",Dihydrocodeine,,,,,,,
,,313,"Morphine, Etizolam, Cocaine",Alcohol,,,,,,,
,,314,"Tramadol, Codeine, Gabapentin, Flualprazolam","Mirtazapine, Dihydrocodeine, Diazepam",,,,,,,
,,315,"Heroin, Etizolam","Diazepam, Pregabalin, Cocaine",,,,,,,
,,316,"Heroin, Etizolam, Cocaine","Dihydrocodeine, Pregabalin",,,,,,,
,,317,"Heroin, Methadone, Etizolam", ,,,,,,,
,,318,"Heroin, Cocaine, Etizolam", ,,,,,,,
,,319,"Heroin, Methadone, Etizolam, Tramadol, Cocaine", ,,,,,,,
,,320,"Heroin, Etizolam", ,,,,,,,
,,321,"Cocaine, Amphetamine, Etizolam, Dihydrocodeine, Pregabalin","Diazepam, Amitriptyline",,,,,,,
,,322,"Methadone, Etizolam","Venlafaxine, Quetiapine, Olanzapine, Temazepam,
Paracetamol, Procyclidine",,,,,,,
,,323,"Heroin, Etizolam",Alcohol,,,,,,,
,,324,"Heroin, Tramadol, Dihydrocodeine, Etizolam, Gabapentin, Cocaine,
Alcohol","Mirtazapine, Paracetamol, Promethazine",,,,,,,
,,325,"Methadone, Etizolam, Gabapentin", ,,,,,,,
,,326,"Cocaine, MDMA, Flubromazolam, Alcohol", ,,,,,,,
,,327,"Heroin, Methadone, Etizolam, Gabapentin","Sertraline, Promethazine",,,,,,,
,,328,"Heroin, Etizolam, Alcohol", ,,,,,,,
,,329,"Methadone, buprenorphine, etizolam, alcohol", ,,,,,,,
,,330,"Heroin, Methadone, Etizolam","Cocaine, Mirtazapine, Pregabalin",,,,,,,
,,331,"Morphine, Methadone, Etizolam","Mirtazapine, Diphenhydramine, Pregabalin",,,,,,,
,,332,"Heroin, Etizolam", ,,,,,,,
,,333,"Buprenorphine, Etizolam, Alcohol","Cocaine, Pregabalin",,,,,,,
,,334,"Heroin, Etizolam, Buprenorphine",Paracetamol,,,,,,,
,,335,"Methadone, Etizolam","Diazepam, Pregabalin, Mirtazapine",,,,,,,
,,336,"Morphine, Diclazepam, Alcohol","Amitriptyline, Buprenorphine, Cocaine",,,,,,,
,,337,"Methadone, Etizolam","Diazepam, Paroxetine, 7-aminonitrazepam, Promethazine,
Alcohol",,,,,,,
,,338,"Heroin, Etizolam, Cocaine","Diazepam, Tramadol",,,,,,,
,,339,"Heroin, Etizolam, Cocaine",Mirtazapine,,,,,,,
,,340,"Heroin, methadone, gabapentin, etizolam, cocaine","Pregabalin, Diazepam",,,,,,,
,,341,"Buprenorphine, Etizolam, Pregabalin, Cocaine", ,,,,,,,
,,342,"Methadone, Heroin, Cocaine, Pregabalin, Gabapentin, Flubromazolam,
Etizolam, Diazepam",Mirtazapine,,,,,,,
,,343,"Heroin, Etizolam, Propranolol, Methadone",Mirtazapine,,,,,,,
,,344,"Etizolam, Gabapentin, Dihydrocodeine, Pregabalin, Cocaine","Promethazine, Mirtazapine",,,,,,,
,,345,"Methadone, etizolam, pregabalin, morphine","Amitriptyline, Diazepam",,,,,,,
,,346,"Methadone, Cocaine, Etizolam, Diclazepam, Morphine", ,,,,,,,
,,347,"Methadone, Etizolam, Gabapentin, Cocaine, Amphetamine", ,,,,,,,
,,348,"Morphine, Methadone, Etizolam, Cocaine",Alcohol,,,,,,,
,,349,"Heroin, Methadone, Etizolam", ,,,,,,,
,,350,"Morphine, Methadone, Buprenorphine, Etizolam, Cocaine","Pregabalin, Codeine",,,,,,,
,,351,"Cocaine, Methadone, Flubromazolam, Gabapentin","Paracetamol, Codeine",,,,,,,
,,352,"Methadone, Etizolam, Cocaine", ,,,,,,,
,,353,"Heroin, Etizolam, Buprenorphine, Codeine", ,,,,,,,
,,354,"Heroin, Buprenorphine, Etizolam", ,,,,,,,
,,355,"Pregabalin, Methadone, Etizolam, Flubromazolam",Alcohol,,,,,,,
,,356,"Heroin, Etizolam, Alcohol",Pregabalin,,,,,,,
,,357,"Methadone, Etizolam","Codeine, Paracetamol, Sertraline, Pregabalin, Diazepam",,,,,,,
,,358,"Etizolam, Flualprazolam, Methadone, Cocaine","Gabapentin, Dihydrocodeine",,,,,,,
,,359,"Morphine, Etizolam, Cocaine","Pregabalin, Alcohol",,,,,,,
,,360,"Etizolam, Alcohol", ,,,,,,,
,,361,"Methadone, Etizolam, Cocaine","Citalopram, Mirtazapine",,,,,,,
,,362,"Methadone, Buprenorphine, Gabapentin, Etizolam","Dihydrocodeine, Paracetamol, Venlafaxine, Diazepam,
Olanzapine, Alcohol",,,,,,,
,,363,"Methadone, Etizolam, Pregabalin, Cocaine","Amitriptyline, Mirtazapine",,,,,,,
,,364,"Methadone, etizolam, gabapentin",Mirtazapine,,,,,,,
,,365,"Flubromazolam, Alcohol",Buprenorphine,,,,,,,
,,366,"Methadone, Flubromazolam, Etizolam, Cocaine",Dihydrocodeine,,,,,,,
,,367,"Methadone, Etizolam, Pregabalin, Cocaine","Codeine, Fluoxetine",,,,,,,
,,368,"Morphine, Codeine, Dihydrocodeine, Etizolam, Diazepam","Cocaine, Paracetamol",,,,,,,
,,369,"Methadone, Buprenorphine, Etizolam",Pregabalin,,,,,,,
,,370,"Dihydrocodeine, Etizolam",Mirtazapine,,,,,,,
,,371,"Tramadol, Gabapentin, Etizolam","Paracetamol, Mirtazapine",,,,,,,
,,372,"Methadone, Etizolam","Mirtazapine, Alcohol",,,,,,,
,,373,"Morphine, Methadone, Etizolam, Cocaine", ,,,,,,,
,,374,"Etizolam, Methadone","Amitriptyline, Mirtazapine",,,,,,,
,,375,"Heroin, Methadone, Etizolam, Tramadol","Paracetamol, Mirtazapine, Chlorpheniramine, Amitriptyline",,,,,,,
,,376,"Heroin, Etizolam, Cocaine","Pregabalin, Promethazine",,,,,,,
,,377,"Heroin, buprenorphine, etizolam, gabapentin, mirtazapine",Paracetamol,,,,,,,
,,378,"Etizolam, Amitriptyline, Gabapentin, Chlorpheniramine",Sertraline,,,,,,,
,,379,"Etizolam, Diazepam, Alcohol","Propranolol, Flupenthixol, Valproic acid",,,,,,,
,,380,"Methadone, Etizolam, Gabapentin", ,,,,,,,
,,381,"Heroin, Etizolam, Cocaine",Alcohol,,,,,,,
,,382,"Buprenorphine, Etizolam, Gabapentin, Dihydrocodeine","Mirtazapine, Amitriptyline",,,,,,,
,,383,"Methadone, Etizolam, Alcohol",Amitriptyline,,,,,,,
,,384,"Etizolam, Gabapentin, Morphine, Methadone, Cocaine",Mirtazapine,,,,,,,
,,385,"Heroin, Gabapentin, Etizolam", ,,,,,,,
,,386,"Heroin, Cocaine, Etizolam, Alcohol","Chlorpromazine, Mirtazapine",,,,,,,
,,387,"Methadone, Etizolam, Morphine, Cocaine", ,,,,,,,
,,388,"Heroin, methadone, etizolam, cocaine","Pregabalin, Diazepam, Mirtazapine, Dihydrocodeine",,,,,,,
,,389,"Heroin, Etizolam, Cocaine",Valproic acid,,,,,,,
,,390,"Buprenorphine, Etizolam","Sertraline, Alcohol",,,,,,,
,,391,"Etizolam, Buprenorphine","Codeine, Pregabalin, Gabapentin, Mirtazapine",,,,,,,
,,392,"Tramadol, Gabapentin, Etizolam, Morphine, Cocaine", ,,,,,,,
,,393,"Methadone, Pregabalin, Etizolam, Gabapentin","Mirtazapine, Diazepam, Promethazine",,,,,,,
,,394,"Buprenorphine, Etizolam, Pregabalin, Cocaine", ,,,,,,,
,,395,"Heroin, Etizolam, Methadone, Alcohol", ,,,,,,,
,,396,"Amphetamine, MDMA, Ecstasy, Cocaine, Etizolam, Morphine","Diazepam, Levetiracetam",,,,,,,
,,397,"Methadone, Etizolam","Codeine, Morphine",,,,,,,
,,398,"Heroin, Etizolam",Alcohol,,,,,,,
,,399,"Morphine, Buprenorphine, Etizolam, Methadone, Mirtazapine", ,,,,,,,
,,400,"Buprenorphine, Etizolam","Cocaine, Sertraline, Codeine, Alcohol",,,,,,,
,,401,"Methadone, Pregabalin, Etizolam", ,,,,,,,
,,402,"Tramadol, dihydrocodeine, methadone, etizolam, pregabalin","Diazepam, Mirtazapine",,,,,,,
,,403,"Methadone, Etizolam, Alcohol", ,,,,,,,
,,404,"Heroin, Etizolam, Gabapentin, Cocaine",Alcohol,,,,,,,
,,405,"Heroin, Methadone, Dihydrocodeine, Etizolam", ,,,,,,,
,,406,"Methadone, Etizolam, Gabapentin, Buprenorphine, Cocaine",Mirtazapine,,,,,,,
,,407,"Methadone, Buprenorphine, Etizolam, Cocaine",Citalopram,,,,,,,
,,408,"Methadone, etizolam, morphine, gabapentin", ,,,,,,,
,,409,"Methadone, Etizolam","Diazepam, Alcohol",,,,,,,
,,410,"Heroin, Methadone, Buprenorphine, Etizolam, Gabapentin, Cocaine", ,,,,,,,
,,411,"Heroin, Methadone, Dihydrocodeine, Etizolam, Cocaine","Mirtazapine, Paracetamol, Alcohol",,,,,,,
,,412,"Methadone, Etizolam, Dihydrocodeine",Amitriptyline,,,,,,,
,,413,"Methadone, Etizolam, Pregabalin","Morphine, Alcohol",,,,,,,
,,414,"Morphine, Methadone, Etizolam, Cocaine",Codeine,,,,,,,
,,415,"Heroin, Methadone, Etizolam",Mirtazapine,,,,,,,
,,416,"Heroin, Etizolam, Flualprazolam, Alprazolam, Pregabalin, Cocaine", ,,,,,,,
,,417,"Heroin, Methadone, Etizolam, Cocaine","Pregabalin, Venlafaxine, Mirtazapine, Chlorpromazine",,,,,,,
,,418,"Heroin, Etizolam, Cocaine","Mirtazapine, Amitriptyline, Levetiracetam",,,,,,,
,,419,"Methadone, Morphine, Etizolam","Mirtazapine, Tramadol, Sertraline, Lignocaine",,,,,,,
,,420,"Methadone, Morphine, Etizolam, Gabapentin, Buprenorphine, Cocaine", ,,,,,,,
,,421,"Methadone, Morphine, Etizolam, Cocaine", ,,,,,,,
,,422,"Methadone, etizolam, pregabalin",Alcohol,,,,,,,
,,423,"Buprenorphine, Etizolam",Alcohol,,,,,,,
,,424,"Morphine, Methadone, Etizolam, Cocaine","Citalopram, Alcohol",,,,,,,
,,425,"Heroin, Methadone, Etizolam","Mirtazapine, Gabapentin, Alcohol",,,,,,,
,,426,"Heroin, methadone, pregabalin, etizolam, cocaine", ,,,,,,,
,,427,"Heroin, Etizolam","Diazepam, Amitriptyline",,,,,,,
,,428,"Heroin, Buprenorphine, Etizolam, Pregabalin","Quetiapine, Paracetamol, Mirtazapine",,,,,,,
,,429,"Methadone, Etizolam, Mirtazapine","Cocaine, Codeine, Alcohol",,,,,,,
,,430,"Cocaine, Etizolam, Alcohol", ,,,,,,,
,,431,"Heroin, Gabapentin, Etizolam, Methadone", ,,,,,,,
,,432,"Methadone, Gabapentin, Mirtazapine, Etizolam, Cocaine",Sertraline,,,,,,,
,,433,"Methadone, Etizolam","Pregabalin, Levetiracetam, Sodium valproate, Alcohol",,,,,,,
,,434,"Methadone, Etizolam", ,,,,,,,
,,435,"Etizolam, Methadone", ,,,,,,,
,,436,"Etizolam, Mirtazapine, Methadone",Diazepam,,,,,,,
,,437,"Heroin, Etizolam, Phenazepam, Cocaine",Mirtazapine,,,,,,,
,,438,"Etizolam, Gabapentin, Mirtazapine, Methadone", ,,,,,,,
,,439,"Methadone, Etizolam, Phenazepam, Pregabalin","Delorazepam, Gabapentin, Mirtazapine",,,,,,,
,,440,"Methadone, Etizolam, Gabapentin, Cocaine","Mirtazapine, Diazepam",,,,,,,
,,441,"Gabapentin, Methadone, Etizolam, Pregabalin", ,,,,,,,
,,442,"Morphine, Methadone, Pregabalin, Etizolam","Codeine, Alcohol",,,,,,,
,,443,"Methadone, Morphine, Etizolam",Alcohol,,,,,,,
,,444,"Morphine, Methadone, Etizolam", ,,,,,,,
,,445,"Etizolam, Gabapentin",Alcohol,,,,,,,
,,446,"Gabapentin, Etizolam","Methadone, Dihydrocodeine, Diazepam, Alcohol",,,,,,,
,,447,"Heroin, Etizolam, Cocaine", ,,,,,,,
,,448,"Morphine, Etizolam, Gabapentin",Alcohol,,,,,,,
,,449,"Methadone, Pregabalin, Etizolam",Mirtazapine,,,,,,,
,,450,"Methadone, Alprazolam, Phenazepam, Pregabalin, Diazepam","Mirtazapine, Clonazepam, Diphenhydramine",,,,,,,
,,451,"MDMA, Etizolam, Methadone", ,,,,,,,
,,452,"Methadone, Etizolam",Dihydrocodeine,,,,,,,
,,453,"Heroin, Etizolam, Gabapentin, Buprenorphine, Cocaine", ,,,,,,,
,,454,"Methadone, Etizolam",Alcohol,,,,,,,
,,455,"Heroin, Phenazepam, Pregabalin, Cocaine","Diazepam, Amitriptyline, Mirtazapine",,,,,,,
,,456,"Morphine, Gabapentin, Pregabalin, Oxycodone, Etizolam","Diazepam, Codeine, Alcohol",,,,,,,
,,457,"Gabapentin, Pregabalin, Flubromazolam, Methadone, Cocaine","Diazepam, Mirtazapine, Cyclizine",,,,,,,
,,458,"Heroin, etizolam, pregabalin, methadone",Mirtazapine,,,,,,,
,,459,"Heroin, methadone, etizolam, gabapentin",Diphenhydramine,,,,,,,
,,460,"Methadone, Etizolam, Gabapentin, Pregabalin, Cocaine","Mirtazapine, Amitriptyline, Morphine, Alcohol",,,,,,,
,,461,"Heroin, methadone, etizolam, pregabalin, cocaine", ,,,,,,,
,,462,"Gabapentin, tramadol, dihydrocodeine, etizolam, cocaine","Diazepam, Mirtazapine",,,,,,,
,,463,"Methadone, Etizolam, Cocaine",Trazodone,,,,,,,
,,464,"Heroin, Etizolam, Pregabalin, Cannabis", ,,,,,,,
,,465,"Etizolam, Morphine, Methadone","Amitriptyline, Mirtazapine, Procyclidine",,,,,,,
,,466,"Etizolam, Buprenorphine",Mirtazapine,,,,,,,
,,467,"Heroin, Etizolam, Cocaine","Pregabalin, Mirtazapine, Alcohol",,,,,,,
,,468,"Methadone, Etizolam, Amphetamine", ,,,,,,,
,,469,"Methadone, Etizolam, Diclazepam, Cocaine","Mirtazapine, Alcohol",,,,,,,
,,470,"Gabapentin, Etizolam, Methadone, Cocaine",Diazepam,,,,,,,
,,471,"Morphine, Etizolam, Gabapentin, Methadone, Cocaine",Promethazine,,,,,,,
,,472,"Heroin, etizolam, cocaine, amphetamine",Alcohol,,,,,,,
,,473,"Methadone, Etizolam, Gabapentin","Dihydrocodeine, Mirtazapine, Pregabalin",,,,,,,
,,474,"Heroin, Etizolam, Cocaine","Dihydrocodeine, Pregabalin",,,,,,,
,,475,"Heroin, Methadone, Pregabalin, Dihydrocodeine, Etizolam",Diazepam,,,,,,,
,,476,"Buprenorphine, Etizolam, Cocaine",Mirtazapine,,,,,,,
,,477,"Heroin, Phenazepam, Etizolam, Cocaine",Gabapentin,,,,,,,
,,478,"Co-codamol, Etizolam","Diazepam, Mirtazapine, Alcohol",,,,,,,
,,479,"Etizolam, Morphine, Methadone, Dihydrocodeine","Pregabalin, Amitriptyline, Mirtazapine",,,,,,,
,,480,"Heroin, Methadone, Etizolam, Cocaine",Alcohol,,,,,,,
,,481,"Heroin, Methadone, Etizolam","Diazepam, Alcohol",,,,,,,
,,482,"Etizolam, Methadone, Cocaine","Mirtazapine, Delorazepam",,,,,,,
,,483,"Methadone, Gabapentin, Etizolam","Dihydrocodeine,",,,,,,,
,,484,"Heroin, Etizolam, Gabapentin",Cocaine,,,,,,,
,,485,"Heroin, Etizolam, Dihydrocodeine, Cocaine",Mirtazapine,,,,,,,
,,486,"Methadone, Etizolam",Alcohol,,,,,,,
,,487,"Heroin, Etizolam, Cocaine, Alcohol", ,,,,,,,
,,488,"Etizolam, Dihydrocodeine, Methadone, Mirtazapine", ,,,,,,,
,,489,"Methadone, Morphine, Etizolam, Cocaine", ,,,,,,,
,,490,"Heroin, Methadone, Etizolam, Pregabalin",Mirtazapine,,,,,,,
,,491,"Methadone, Etizolam","Morphine, Pregabalin, Tramadol",,,,,,,
,,492,"Methadone, Heroin, Etizolam, Mirtazapine", ,,,,,,,
,,493,"Methadone, Etizolam, Pregabalin","Dihydrocodeine, Mirtazapine, Benzoylecgonine, Alcohol",,,,,,,
,,494,"Methadone, Phenazepam, Etizolam","Amitriptyline, Mirtazapine, Alcohol",,,,,,,
,,495,"Buprenorphine, Methadone, Gabapentin, Etizolam",Lignocaine,,,,,,,
,,496,"Cocaine, Etizolam, Alcohol","Mirtazapine, Promethazine",,,,,,,
,,497,"Buprenorphine, Methadone, Etizolam, Pregabalin","Gabapentin, Diazepam, Cocaine, Benzoylecgonine",,,,,,,
,,498,"Heroin, Etizolam, Cocaine", ,,,,,,,
,,499,"Heroin, Methadone, Gabapentin, Etizolam, Cocaine",Temazepam,,,,,,,
,,500,"Heroin, Methadone, Etizolam, Pregabalin","Diazepam, Amitriptyline, Mirtazapine",,,,,,,
,,501,"Etizolam, Methadone, Cocaine", ,,,,,,,
,,502,"Morphine, Etizolam, Methadone", ,,,,,,,
,,503,"Morphine, Etizolam, Cocaine, Amphetamine",Pregabalin,,,,,,,
,,504,"Heroin, Etizolam, Cocaine","Mirtazapine, Alcohol",,,,,,,
,,505,"Heroin, Methadone, Etizolam",Pregabalin,,,,,,,
,,506,"Dihydrocodeine, Etizolam, Gabapentin, Amphetamine","Paracetamol, Alcohol",,,,,,,
,,507,"Methadone, Etizolam, Pregabalin","Amitriptyline, Ketamine, Paracetamol",,,,,,,
,,508,"Heroin, Methadone, Etizolam, Phenazepam, Gabapentin, Cocaine", ,,,,,,,
,,509,"Morphine, Etizolam Methadone", ,,,,,,,
,,510,"Heroin, Methadone, Etizolam", ,,,,,,,
,,511,"Heroin, Etizolam","Amitriptyline, Paracetamol, Gabapentin, Alcohol",,,,,,,
,,512,"Cocaine, Etizolam, Methadone, Morphine, Heroin, Pregabalin,
Gabapentin, Alcohol","Paracetamol, Mirtazapine",,,,,,,
,,513,"Methadone, Etizolam", ,,,,,,,
,,514,"Gabapentin, Methadone, Morphine, Etizolam",Pregabalin,,,,,,,
,,515,"Cocaine, Methadone, Etizolam","Pregabalin, Diazepam",,,,,,,
,,516,"Heroin, Etizolam, Cocaine","Lignocaine, Gabapentin, Paracetamol",,,,,,,
,,517,"Cocaine, Heroin, Methadone, Etizolam, Dihydrocodeine","Mirtazapine, Pregabalin, Sertraline",,,,,,,
,,518,"Heroin, Etizolam",Amitriptyline,,,,,,,
,,519,"Methadone, Etizolam","Amitriptyline, Codeine, Pregabalin Diazepam, Promethazine",,,,,,,
,,520,"Heroin, Etizolam",Mirtazapine,,,,,,,
,,521,"Methadone, Etizolam, Cocaine","Dihydrocodeine, Heroin",,,,,,,
,,522,"Methadone, Etizolam, Pregabalin, Gabapentin", ,,,,,,,
,,523,"Methadone, Etizolam, Cocaine",Diazepam,,,,,,,
,,524,"Morphine, Etizolam, Gabapentin, Methadone, Cocaine", ,,,,,,,
,,525,"Etizolam, Pregabalin, Methadone","Gabapentin, Mirtazapine",,,,,,,
,,526,"Etizolam, Pregabalin, Methadone, Cocaine",Mirtazapine,,,,,,,
,,527,"Heroin, Etizolam, Methadone", ,,,,,,,
,,528,"Etizolam, Tramadol, Pregabalin, Methadone, Cocaine", ,,,,,,,
,,529,"Etizolam, Alcohol", ,,,,,,,
,,530,"Heroin, Etizolam, Cocaine","Mirtazapine, Paracetamol, Alcohol",,,,,,,
,,531,"Methadone, Morphine, Etizolam",Mirtazapine,,,,,,,
,,532,"Heroin, Methadone, Tramadol, Etizolam, Cocaine","Mirtazapine, Alcohol",,,,,,,
,,533,"Methadone, Etizolam, Pregabalin","Diazepam, Mirtazapine",,,,,,,
,,534,"Heroin, Etizolam, Methadone","Diazepam, Mirtazapine",,,,,,,
,,535,"Heroin, Etizolam, Cocaine",Mirtazapine,,,,,,,
,,536,"Heroin, Methadone, Pregabalin, Etizolam, Phenazepam,
Flubromazolam, Cocaine", ,,,,,,,
,,537,"Buprenorphine, Etizolam", ,,,,,,,
,,538,"Heroin, Methadone, Etizolam","Mirtazapine, Quetiapine, Alcohol",,,,,,,
,,539,"Etizolam, Quetiapine, Methadone",Cyclizine,,,,,,,
,,540,"Methadone, Morphine, Etizolam",Mirtazapine,,,,,,,
,,541,"Methadone, Etizolam, Mirtazapine", ,,,,,,,
,,542,"Etizolam, Heroin, Methadone, Cocaine","Lamotrigine, Diazepam",,,,,,,
,,543,"Methadone, Heroin, Etizolam", ,,,,,,,
,,544,"Etizolam, Diclazepam, Gabapentin", ,,,,,,,
,,545,"Etizolam, Dihydrocodeine, Gabapentin, Methadone","Amitriptyline, Pregabalin",,,,,,,
,,546,"Methadone, Etizolam, Pregabalin, Gabapentin, Cocaine", ,,,,,,,
,,547,"Methadone, Buprenorphine, Etizolam, Gabapentin, Cocaine",Citalopram,,,,,,,
,,548,"Heroin, Methadone, Buprenorphine, Etizolam, Pregabalin",Dihydrocodeine,,,,,,,
,,549,"Methadone, etizolam, pregabalin", ,,,,,,,
,,550,"Etizolam, Pregabalin, Methadone",Amitriptyline,,,,,,,
,,551,"Etizolam, Buprenorphine",Mirtazapine,,,,,,,
,,552,"Heroin, Methadone, Etizolam, Gabapentin, Cocaine", ,,,,,,,
,,553,"Methadone, Etizolam, Pregabalin, Morphine, Cocaine, Quetiapine", ,,,,,,,
,,554,"Heroin, Etizolam, Cocaine","Mirtazapine, Alcohol",,,,,,,
,,555,"Heroin, Methadone, Etizolam, Cocaine","Amitriptyline, Mirtazapine, Pregabalin",,,,,,,
,,556,"Heroin, Etizolam, Cocaine", ,,,,,,,
,,557,"Heroin, Etizolam, Cocaine", ,,,,,,,
,,558,"Methadone, Etizolam","Amitriptyline, Pregabalin, Mirtazapine, Alcohol",,,,,,,
,,559,"Methadone, Morphine, Etizolam","Codeine, Alcohol",,,,,,,
,,560,"Heroin, Methadone, Gabapentin, Etizolam", ,,,,,,,
,,561,"Methadone, Mirtazapine, Etizolam, Tramadol, Cocaine", ,,,,,,,
,,562,"Methadone, Etizolam, Morphine, Diazepam","Dihydrocodeine, Amitriptyline, Citalopram",,,,,,,
,,563,"Morphine, Methadone, Gabapentin, Etizolam, Cocaine", ,,,,,,,
,,564,"Cocaine, Buprenorphine, Etizolam","Promethazine, Alcohol",,,,,,,
,,565,"Methadone, Etizolam","Pregabalin, Diazepam, Cocaine",,,,,,,
,,566,"Morphine, Methadone, Etizolam",Codeine,,,,,,,
,,567,"Methadone, Morphine, Etizolam","Mirtazapine, Quetiapine, Paracetamol, Codeine, Alcohol",,,,,,,
,,568,"Methadone, Etizolam",Paracetamol,,,,,,,
,,569,"Methadone, Etizolam", ,,,,,,,
,,570,"Morphine, Etizolam, Methadone, Gabapentin, Amitriptyline","Sertraline, Paracetamol, Cocaine, Codeine, Dihydrocodeine",,,,,,,
,,571,"Morphine, Etizolam, Methadone",Ketamine,,,,,,,
,,572,"Heroin, Methadone, Etizolam, Pregabalin, Cocaine",Mirtazapine,,,,,,,
,,573,"Cocaine, Flubromazolam, Cannabis", ,,,,,,,
,,574,"Heroin, Methadone, Etizolam",Amitriptyline,,,,,,,
,,575,"Etizolam, Pregabalin, Methadone, Cocaine","Levetiracetam, Diazepam, Venlafaxine",,,,,,,
,,576,"Methadone, etizolam, gabapentin",Alcohol,,,,,,,
,,577,"Etizolam, Morphine", ,,,,,,,
,,578,"Etizolam, Alcohol", ,,,,,,,
,,579,"Methadone, Tramadol, Pregabalin, Gabapentin, Etizolam, Cocaine","Amitriptyline, Diazepam, Alcohol",,,,,,,
,,580,"Heroin, Methadone, Etizolam","Diazepam, Amitriptyline, Dihydrocodeine, Sertraline, Pregabalin",,,,,,,
,,581,"Etizolam, Methadone",Diazepam,,,,,,,
,,582,"Etizolam, Flubromazolam, Pregabalin, Gabapentin, Methadone", ,,,,,,,
,,583,"Heroin, etizolam, cocaine, alcohol","Diazepam, Sertraline, Buprenorphine",,,,,,,
,,584,"Methadone, Etizolam", ,,,,,,,
,,585,"Etizolam, Alcohol", ,,,,,,,
,,586,"Methadone, Etizolam, Pregabalin","Dihydrocodeine, Tramadol, Mirtazapine, Morphine",,,,,,,
,,587,"Methadone, Etizolam","Morphine, Mirtazapine",,,,,,,
,,588,"Methadone, Etizolam",Alcohol,,,,,,,
,,589,Etizolam,"Gabapentin, Amitriptyline",,,,,,,
,,590,"Methadone, Heroin, Etizolam","Mirtazapine, Alcohol",,,,,,,
,,591,"Heroin, Methadone, Etizolam, Pregabalin","Mirtazapine, Alcohol",,,,,,,
,,592,"Etizolam, Heroin, Dihydrocodeine","Paracetamol, Alcohol",,,,,,,
,,593,"Heroin, Buprenorphine, Etizolam, Cocaine","Pregabalin, Dihydrocodeine",,,,,,,
,,594,"Methadone, Pregabalin, Gabapentin, Etizolam, Cocaine", ,,,,,,,
,,595,"Buprenorphine, Morphine, Benzodiazepine, Etizolam, Flubromazolam","Mirtazapine, Codeine",,,,,,,
,,596,"Methadone, Etizolam","Pregabalin, Diazepam, Mirtazapine",,,,,,,
,,597,"Methadone, Etizolam, Cocaine","Codeine, Paracetamol",,,,,,,
,,598,"Morphine, Etizolam, Gabapentin, Methadone, Cocaine","Mirtazapine, Amitriptyline, Nitrazepam",,,,,,,
,,599,"Heroin, Etizolam, Cocaine","Gabapentin, Amitriptyline, Mirtazapine, Alcohol",,,,,,,
,,600,"Etizolam, Methadone", ,,,,,,,
,,601,"Methadone, Gabapentin, Etizolam, Pregabalin",Mirtazapine,,,,,,,
,,602,"Heroin, Phenazepam, Pregabalin, Cocaine","Mirtazapine, Nitrazepam, Alcohol",,,,,,,
,,603,"Morphine, Heroin, Etizolam, Pregabalin, Cocaine", ,,,,,,,
,,604,"Buprenorphine, Etizolam, Cocaine, Alcohol",Diazepam,,,,,,,
,,605,"Methadone, Etizolam, Morphine, Gabapentin",Mirtazapine,,,,,,,
,,606,"Methadone, Etizolam, Cocaine","Mirtazapine, Phenazepam",,,,,,,
,,607,"Methadone, Etizolam, Pregabalin, Cocaine",Diazepam,,,,,,,
,,608,"Heroin, Etizolam, Cocaine",Alcohol,,,,,,,
,,609,"Etizolam, Pregabalin, Cocaine, Methadone","Sertraline, Lamotrigine, Amitriptyline",,,,,,,
,,610,"Heroin, Etizolam, Cocaine", ,,,,,,,
,,611,"Etizolam, Cocaine, Methadone","Quetiapine, Pregabalin, Venlafaxine, Cyclizine",,,,,,,
,,612,"Morphine, Methadone, Etizolam", ,,,,,,,
,,613,"Etizolam, Methadone","Pregabalin, Mirtazapine, Diazepam, Dihydrocodeine",,,,,,,
,,614,"Methadone, Etizolam, Pregabalin, Cocaine", ,,,,,,,
,,615,"Morphine, Codeine, Etizolam", ,,,,,,,
,,616,"Etizolam, Morphine, Methadone, Cocaine", ,,,,,,,
,,617,"Heroin, etizolam, cocaine","Paracetamol, Alcohol",,,,,,,
,,618,"Methadone, dihydrocodeine, etizolam, cocaine","Pregabalin, Diazepam, Venlafaxine, Procyclidine",,,,,,,
,,619,"Cocaine, Etizolam, Alcohol",Diazepam,,,,,,,
,,620,"Olanzapine, Etizolam, Pregabalin, Morphine","Diphenhydramine, Dihydrocodeine",,,,,,,
,,621,"Heroin, Methadone, Etizolam, Gabapentin, Oxycodone, Dihydrocodeine","Mirtazapine, Paracetamol",,,,,,,
,,622,"Methadone, Heroin, Etizolam","Quetiapine, Sertraline, Nitrazepam",,,,,,,
,,623,"Phenazepam, Etizolam, Buprenorphine, Mirtazapine", ,,,,,,,
,,624,"Phenazepam, Methadone", ,,,,,,,
,,625,"Heroin, Phenazepam","Codeine, Paracetamol",,,,,,,
,,626,"Heroin, Flualprazolam", ,,,,,,,
,,627,"Etizolam, Phenazepam, Alcohol", ,,,,,,,
,,628,"Morphine, Phenazepam, Etizolam","Lorazepam, Sertraline, Alcohol",,,,,,,
,,629,"Heroin, Etizolam, MDMA", ,,,,,,,
,,630,"Heroin, Methadone, Etizolam, Phenazepam","Diazepam, Mirtazapine, Pregabalin, Gabapentin",,,,,,,
,,631,"Heroin, Etizolam","Paracetamol, Benzodiazepine",,,,,,,
,,632,"Heroin, Etizolam, Phenazepam, Flualprazolam","Levetiracetam, Pregabalin",,,,,,,
,,633,"Heroin, Etizolam",Mirtazapine,,,,,,,
,,634,"Methadone, Etizolam, Cocaine",Mirtazapine,,,,,,,
,,635,"Methadone, Etizolam, Phenazepam, Cocaine", ,,,,,,,
,,636,"Etizolam, Phenazepam, Pregabalin, Methadone, Cocaine", ,,,,,,,
,,637,"Methadone, Etizolam",Olanzapine,,,,,,,
,,638,"Methadone, Phenazepam","Diazepam, Mirtazapine",,,,,,,
,,639,"Methadone, Heroin, Etizolam, Dihydrocodeine","Mirtazapine, Paracetamol, Pregabalin, Benzodiazepine",,,,,,,
,,640,"Heroin, Methadone, Pregabalin, Etizolam, Cocaine",Alcohol,,,,,,,
,,641,"Methadone, Etizolam, Cocaine","Phenazepam, Mirtazapine, Pregabalin, Codeine, Paracetamol",,,,,,,
,,642,"Methadone, Etizolam, Pregabalin, Gabapentin","Diazepam, Mirtazapine, Procyclidine",,,,,,,
,,643,"Methadone, Etizolam, Pregabalin","Diazepam, Alcohol",,,,,,,
,,644,Etizolam, ,,,,,,,
,,645,"Etizolam, Dihydrocodeine, Methadone",Mirtazapine,,,,,,,
,,646,"Heroin, Etizolam, Gabapentin, Cocaine", ,,,,,,,
,,647,"Methadone, Etizolam, Alcohol", ,,,,,,,
,,648,"Etizolam, Pregabalin, Methadone, Cocaine","Mirtazapine, Diazepam",,,,,,,
,,649,"Dihydrocodeine, Gabapentin, Etizolam, Diazepam", ,,,,,,,
,,650,"Buprenorphine, Etizolam, Pregabalin","Cocaine, Dihydrocodeine, Mirtazapine",,,,,,,
,,651,"Heroin, Etizolam, Cocaine","Pregabalin, Mirtazapine",,,,,,,
,,652,"Morphine, Etizolam",Alcohol,,,,,,,
,,653,"Methadone, Etizolam","Gabapentin, Mirtazapine, Pregabalin, Sertraline",,,,,,,
,,654,"Morphine, Etizolam, Methadone",Mirtazapine,,,,,,,
,,655,"Methadone, Etizolam, Pregabalin, Gabapentin","Sertraline, Mirtazapine, Diazepam",,,,,,,
,,656,"Heroin, Methadone, Etizolam","Gabapentin, Cocaine",,,,,,,
,,657,"Etizolam, Alcohol","Cocaine, Mirtazapine",,,,,,,
,,658,"Methadone, Etizolam, Alcohol","Mirtazapine, Lamotrigine",,,,,,,
,,659,"Morphine, Etizolam, Methadone","Mirtazapine, Gabapentin",,,,,,,
,,660,"Heroin, Methadone, Etizolam", ,,,,,,,
,,661,"Methadone, Morphine, Etizolam, Dihydrocodeine", ,,,,,,,
,,662,"Heroin, Methadone, Gabapentin, Etizolam, Cocaine", ,,,,,,,
,,663,"Methadone, Gabapentin, Etizolam","Sertraline, Chlorpheniramine",,,,,,,
,,664,"Methadone, Etizolam","Sertraline, Tramadol",,,,,,,
,,665,"Heroin, gabapentin, etizolam", ,,,,,,,
,,666,"Heroin, Methadone, Etizolam, Pregabalin",Nitrazepam,,,,,,,
,,667,"Methadone, Etizolam, Codeine, Dihydrocodeine, Pregabalin, Cocaine","Mirtazapine, Paracetamol",,,,,,,
,,668,"Methadone, Morphine, Etizolam", ,,,,,,,
,,669,"Heroin, Etizolam, Pregabalin, Methadone","Mirtazapine, Diazepam",,,,,,,
,,670,"Heroin, Etizolam",Cocaine,,,,,,,
,,671,"Methadone, Gabapentin, Etizolam","Fluoxetine, Alcohol",,,,,,,
,,672,"Methadone, Etizolam",Codeine,,,,,,,
,,673,"Methadone, dihydrocodeine, etizolam, gabapentin","Amitriptyline, Mirtazapine, Propranolol, Promethazine, Alcohol",,,,,,,
,,674,"Methadone, Morphine, Dihydrocodeine, Gabapentin, Etizolam, Cocaine","Venlafaxine, Mirtazapine, Alcohol",,,,,,,
,,675,"Heroin, Etizolam",Sertraline,,,,,,,
,,676,"Morphine, Etizolam, Methadone, Pregabalin, Mirtazapine", ,,,,,,,
,,677,"Heroin, Etizolam, Gabapentin, Methadone", ,,,,,,,
,,678,"Methadone, Gabapentin, Etizolam","Mirtazapine, Alcohol",,,,,,,
,,679,"Heroin, Pregabalin, Flubromazolam, Cocaine", ,,,,,,,
,,680,"Methadone, Pregabalin, Etizolam", ,,,,,,,
,,681,"Methadone, Etizolam, Cocaine", ,,,,,,,
,,682,"Methadone, Heroin, Etizolam, Pregabalin",Amphetamine,,,,,,,
,,683,"Methadone, Etizolam","Procyclidine, Alcohol",,,,,,,
,,684,"Methadone, Etizolam, Buprenorphine, Cocaine", ,,,,,,,
,,685,"Heroin, Etizolam, Methadone, Mirtazapine", ,,,,,,,
,,686,"Heroin, Etizolam, Cocaine, Alcohol",Diazepam,,,,,,,
,,687,"Methadone, Morphine, Etizolam, Pregabalin","Chlorpheniramine, Alcohol",,,,,,,
,,688,"Etizolam, Pregabalin, Methadone","Diazepam, Mirtazapine",,,,,,,
,,689,"Heroin, Etizolam",Paracetamol,,,,,,,
,,690,"Heroin, Etizolam, Gabapentin",Mirtazapine,,,,,,,
,,691,"Heroin, Etizolam","Diazepam, Mirtazapine, Sertraline, Alcohol",,,,,,,
,,692,"Methadone, Morphine, Etizolam, Cocaine","Pregabalin, Mirtazapine, Diazepam",,,,,,,
,,693,"Heroin, Etizolam, Pregabalin, Methadone, Cocaine",Mirtazapine,,,,,,,
,,694,"Heroin, Methadone, Gabapentin, Etizolam", ,,,,,,,
,,695,"Etizolam, Alcohol","Diazepam, Chlordiazepoxide, Benzoylecgonine",,,,,,,
,,696,"Methadone, Etizolam, Dihydrocodeine","Codeine, Paracetamol, Pregabalin, Amitriptyline, Alcohol",,,,,,,
,,697,"Morphine, Methadone, Etizolam, Pregabalin, Amphetamine","Sertraline, Alcohol",,,,,,,
,,698,"Fentanyl, Oxycodone, Flualprazolam","Mirtazapine, Alcohol",,,,,,,
,,699,"Heroin, etizolam, pregabalin, cocaine",Sertraline,,,,,,,
,,700,"Heroin, methadone, etizolam, pregabalin","Oxycodone, Cocaine, Dihydrocodeine, Alcohol",,,,,,,
,,701,"Methadone, Morphine, Pregabalin, Etizolam","Cocaine, Mirtazapine, Codeine, Alcohol",,,,,,,
,,702,"Heroin, Methadone, Etizolam", ,,,,,,,
,,703,"Etizolam, Alcohol",Diazepam,,,,,,,
,,704,"Etizolam, Methadone",Pregabalin,,,,,,,
,,705,"Heroin, Etizolam, Methadone, Mirtazapine, Cocaine",Paracetamol,,,,,,,
,,706,"Methadone, Gabapentin, Etizolam, Cocaine", ,,,,,,,
,,707,"Morphine, Etizolam", ,,,,,,,
,,708,"Heroin, Etizolam", ,,,,,,,
,,709,"Heroin, Methadone, Etizolam, Pregabalin",Alcohol,,,,,,,
,,710,"Heroin, Dihydrocodeine, Etizolam, Diazepam","Paracetamol, Mirtazapine",,,,,,,
,,711,"Buprenorphine, Heroin, Methadone, Etizolam, Gabapentin","Cocaine, Diazepam, Dihydrocodeine, Pregabalin",,,,,,,
,,712,"Morphine, etizolam, pregabalin, cocaine","Mirtazapine, Alcohol",,,,,,,
,,713,"Methadone, Etizolam, Gabapentin, Pregabalin","Sertraline, Alcohol",,,,,,,
,,714,"Morphine, Etizolam, Cocaine","Pregabalin, Alcohol",,,,,,,
,,715,"Heroin, Etizolam, Cocaine, Alcohol", ,,,,,,,
,,716,"Heroin, Etizolam, Methadone, Gabapentin, Amphetamine","Paracetamol, Sertraline",,,,,,,
,,717,"Heroin, Etizolam, Pregabalin, Methadone", ,,,,,,,
,,718,"Etizolam, Heroin, Methadone, Cocaine", ,,,,,,,
,,719,"Methadone, Etizolam","Pregabalin, Diazepam, Heroin, Alcohol",,,,,,,
,,720,"Methadone, Etizolam",Pregabalin,,,,,,,
,,721,"Methadone, Etizolam","Mirtazapine, Alcohol",,,,,,,
,,722,"Heroin, Etizolam", ,,,,,,,
,,723,"Methadone, Etizolam, Gabapentin, Cocaine","Mirtazapine, Pregabalin",,,,,,,
,,724,"Heroin, Methadone, Etizolam","Pregabalin, Venlafaxine",,,,,,,
,,725,"Methadone, Etizolam", ,,,,,,,
,,726,"Methadone, Etizolam, Flubromazolam, Pregabalin","Cocaine, Mirtazapine, Alcohol",,,,,,,
,,727,"Heroin, Etizolam, Phenazepam, Pregabalin, Methadone, Cocaine","Gabapentin, Mirtazapine",,,,,,,
,,728,"Etizolam, Gabapentin, Methadone","Mirtazapine, Alprazolam",,,,,,,
,,729,"Gabapentin, Etizolam, Morphine, Pregabalin, Methadone, Cocaine","Amitriptyline, Diazepam, Mirtazapine",,,,,,,
,,730,"Heroin, Etizolam",Pregabalin,,,,,,,
,,731,"Morphine, Etizolam, Methadone, Cocaine","Amitriptyline, Pregabalin",,,,,,,
,,732,"Heroin, Etizolam",Tramadol,,,,,,,
,,733,"Heroin, Methadone, Gabapentin, Etizolam, Cocaine","Paracetamol, Dihydrocodeine",,,,,,,
,,734,"Heroin, Etizolam, Cocaine", ,,,,,,,
,,735,"Heroin, Etizolam", ,,,,,,,
,,736,"Heroin, Etizolam, Methadone, Cocaine","Pregabalin, Diazepam",,,,,,,
,,737,"Heroin, Etizolam, Cocaine", ,,,,,,,
,,738,"Morphine, Fentanyl, Etizolam", ,,,,,,,
,,739,"Methadone, Codeine, Etizolam, Gabapentin","Mirtazapine, Paracetamol, Sertraline, Alcohol",,,,,,,
,,740,"Heroin, Methadone, Etizolam, Pregabalin, Cocaine", ,,,,,,,
,,741,"Methadone, Etizolam, Pregabalin",Nitrazepam,,,,,,,
,,742,"Methadone, Etizolam, Pregabalin","Diazepam, Alcohol",,,,,,,
,,743,"Methadone, Etizolam, Flubromazolam, Cocaine", ,,,,,,,
,,744,"Oxycodone, Flubromazolam","Pregabalin, Diazepam, Cyclizine",,,,,,,
,,745,"Morphine, Etizolam","Mirtazapine, Codeine, Alcohol",,,,,,,
,,746,"Heroin, Etizolam, Cocaine","Citalopram, Alcohol",,,,,,,
,,747,"Methadone, Etizolam", ,,,,,,,
,,748,"Heroin, Buprenorphine, Etizolam",Citalopram,,,,,,,
,,749,"methadone, morphine, pregabalin, gabapentin, etizolam, phenazepam",Paracetamol,,,,,,,
,,750,"Methadone, Etizolam", ,,,,,,,
,,751,"Heroin, Methadone, Etizolam",Mirtazapine,,,,,,,
,,752,"Heroin, Etizolam, Alcohol", ,,,,,,,
,,753,"Methadone, Morphine, Etizolam", ,,,,,,,
,,754,"Heroin, Cocaine, Diazepam, Phenazepam, Pregabalin",Dihydrocodeine,,,,,,,
,,755,"Etizolam, Gabapentin, Buprenorphine, Diazepam","Mirtazapine, Alcohol",,,,,,,
,,756,"Etizolam, Diazepam, Fentanyl, Flualprazolam, Pregabalin", ,,,,,,,
,,757,"Methadone, Etizolam, Gabapentin, Dihydrocodeine, Phenazepam", ,,,,,,,
,,758,"Cocaine, Methadone, Tramadol, Etizolam, Diazepam, Pregabalin",Mirtazapine,,,,,,,
,,759,"Heroin, Phenazepam","Diazepam, Mirtazapine, Alcohol",,,,,,,
,,760,"Etizolam, Oxycodone, Gabapentin","Diazepam, Alcohol",,,,,,,
,,761,"Heroin, Methadone, Diazepam, Flualprazolam, Pregabalin,
Amitriptyline, Olanzapine", ,,,,,,,
,,762,"Etizolam, Diazepam, Cocaine, Methadone, Pregabalin","Mirtazapine, Alcohol",,,,,,,
,,763,"Etizolam, Cocaine, Morphine","Mirtazapine, Alcohol",,,,,,,
,,764,"Methadone, Sertraline, Etizolam, Diazepam, Tramadol",Alcohol,,,,,,,
,,765,"Methadone, Etizolam, Diazepam, Dihydrocodeine, Gabapentin", ,,,,,,,
,,766,"Cocaine, Etizolam, Diazepam, Methadone, Phenazepam","Chlorpromazine, Alcohol",,,,,,,
,,767,"Cocaine, Etizolam, Methadone",Paracetamol,,,,,,,
,,768,"Cocaine, Etizolam, Diazepam, Pregabalin",Alcohol,,,,,,,
,,769,"Morphine, Diazepam, Etizolam, Dihydrocodeine",Paracetamol,,,,,,,
,,770,"Methadone, Etizolam",Alcohol,,,,,,,
,,771,"Cocaine, Methadone, Dihydrocodeine, Etizolam, Gabapentin,
Pregabalin","Amitriptyline, Mirtazapine, Morphine",,,,,,,
,,772,"Etizolam, Phenazepam, Alcohol",Amitriptyline,,,,,,,
,,773,"Etizolam, Cocaine, Methadone, Phenazepam, Pregabalin",Amitriptyline,,,,,,,
,,774,"Heroin, Etizolam", ,,,,,,,
,,775,"Heroin, Methadone, Etizolam, Gabapentin, Diazepam", ,,,,,,,
,,776,"Methadone, Etizolam, Diazepam, Pregabalin, Cocaine, MDMA","Chlorpromazine, Mirtazapine",,,,,,,
,,777,"Methadone, Cocaine, Flubromazolam, Pregabalin",Alcohol,,,,,,,
,,778,"Cocaine, Buprenorphine, Etizolam, Methadone, Pregabalin",Alcohol,,,,,,,
,,779,"Buprenorphine, Etizolam, Codeine, Pregabalin","Paracetamol, Alcohol",,,,,,,
,,780,"Cocaine, Buprenorphine, Etizolam", ,,,,,,,
,,781,"Cocaine, Methadone, Phenazepam",Mirtazapine,,,,,,,
,,782,"Cocaine, Methadone, Diazepam, Etizolam, Alcohol", ,,,,,,,
,,783,"Methadone, Etizolam, Pregabalin, Gabapentin, Diazepam","Mirtazapine, Alcohol",,,,,,,
,,784,"Methadone, Pregabalin, Etizolam, Cocaine","Diazepam, Alcohol",,,,,,,
,,785,"Etizolam, Cocaine, Methadone",Citalopram,,,,,,,
,,786,"Methadone, Heroin, Etizolam, Cocaine",Alcohol,,,,,,,
,,787,"Morphine, Dihydrocodeine, Etizolam, Diazepam, Gabapentin, Cocaine,
MDMA", ,,,,,,,
,,788,"Methadone, Etizolam, Pregabalin", ,,,,,,,
,,789,"Methadone, Etizolam","Cocaine, Alcohol",,,,,,,
,,790,"Cocaine, Diazepam, Etizolam, Pregabalin, Morphine, Heroin",Amitriptyline,,,,,,,
,,791,"Heroin, Methadone, Etizolam, Gabapentin, Cocaine", ,,,,,,,
,,792,"Methadone, Etizolam, Pregabalin, Cocaine, Mirtazapine",Diazepam,,,,,,,
,,793,"Methadone, Dihydrocodeine, Etizolam, Pregabalin, Diazepam, Cocaine","Lamotrigine, Mirtazapine",,,,,,,
,,794,"Methadone, Diazepam, Etizolam, Pregabalin, Alcohol",Mirtazapine,,,,,,,
,,795,"Methadone, Etizolam, Pregabalin, Cocaine, Amphetamine",Heroin,,,,,,,
,,796,"Diazepam, Flubromazolam, Methadone, Morphine, Heroin, Pregabalin,
Alcohol", ,,,,,,,
,,797,"Cocaine, Etizolam, Tramadol, Buprenorphine, Pregabalin, Gabapentin,
Mirtazapine",Alcohol,,,,,,,
,,798,"Methadone, Etizolam, Cocaine", ,,,,,,,
,,799,"Etizolam, Alcohol", ,,,,,,,
,,800,"Cocaine, Etizolam, Methadone, Morphine, Amitriptyline", ,,,,,,,
,,801,"Heroin, Etizolam, Diazepam", ,,,,,,,
,,802,"Methadone, Etizolam, Cocaine","Lorazepam, Midazolam",,,,,,,
,,803,"Methadone, Etizolam","Mirtazapine, Alcohol",,,,,,,
,,804,"Methadone, Etizolam, Cocaine",Fluoxetine,,,,,,,
,,805,"Methadone, Pregabalin, Etizolam, Cocaine, Phenazepam", ,,,,,,,
,,806,"Buprenorphine, Diazepam, Etizolam, Phenazepam, Pregabalin,
Gabapentin Zopiclone",Mirtazapine,,,,,,,
,,807,"Cocaine, Methadone, Phenazepam, Flualprazolam, Buprenorphine,
Pregabalin",Sertraline,,,,,,,
,,808,"Methadone, Etizolam, Flualprazolam, Pregabalin", ,,,,,,,
,,809,"Cocaine, Amphetamine, Methamphetamine, Methadone, Morphine,
Pregabalin, Mirtazapine, Diazepam, Etizolam", ,,,,,,,
,,810,"Methadone, Etizolam", ,,,,,,,
,,811,"Methadone, Etizolam, Pregabalin", ,,,,,,,
,,812,"Cocaine, Etizolam, Dihydrocodeine, Pregabalin, Diazepam",Alcohol,,,,,,,
,,813,"Heroin, Methadone, Diazepam, Etizolam, Pregabalin, Cocaine",Mirtazapine,,,,,,,
,,814,"Methadone, Etizolam, Mirtazapine, Pregabalin, Temazepam,
Chlorpromazine", ,,,,,,,
,,815,"Morphine, Dihydrocodeine, Tramadol, Etizolam, Diazepam, Pregabalin,
Amitriptyline", ,,,,,,,
,,816,"Cocaine, Methadone, Etizolam, Pregabalin, Mirtazapine",Morphine,,,,,,,
,,817,"Cocaine, Methadone, Etizolam, Pregabalin","Olanzapine, Temazepam",,,,,,,
,,818,"Methadone, Cocaine, MDMA, Etizolam, Mirtazapine",Alcohol,,,,,,,
,,819,"Etizolam, Buprenorphine, Diazepam, Gabapentin, Amitriptyline",Sertraline,,,,,,,
,,820,"Methadone, Pregabalin, Etizolam","Diazepam, Mirtazapine",,,,,,,
,,821,"Cocaine, MDMA, Amphetamine, Methadone, Morphine, Heroin,
Etizolam Flualprazolam, Sertraline", ,,,,,,,
,,822,"Tramadol, Flubromazolam",Dihydrocodeine,,,,,,,
,,823,"Morphine, Tramadol, Diazepam, Etizolam, Amitriptyline, Lamotrigine,
Pregabalin, Paroxetine",Alcohol,,,,,,,
,,824,"Methadone, Flubromazolam","Morphine, Mirtazapine, Chlorpromazine, Alcohol",,,,,,,
,,825,"Morphine, Cocaine, MDMA, Ecstasy, Pregabalin, Etizolam","Diazepam, Alcohol",,,,,,,
,,826,"Buprenorphine, Cocaine, Diazepam, Phenazepam",Alcohol,,,,,,,
,,827,Flubromazolam, ,,,,,,,
,,828,"Methadone, Etizolam, Gabapentin, Pregabalin","Amitriptyline, Mirtazapine",,,,,,,
,,829,"Methadone, Morphine, Etizolam","Pregabalin, Mirtazapine, Olanzapine",,,,,,,
,,830,"Dihydrocodeine, Diazepam, Etizolam","Amitriptyline, Citalopram, Paracetamol, Alcohol",,,,,,,
,,831,"Cocaine, Etizolam, Methadone, Diazepam, Pregabalin","Amitriptyline, Mirtazapine, Alcohol",,,,,,,
,,832,"Methadone, Etizolam, Pregabalin, Cocaine, Flubromazolam", ,,,,,,,
,,833,"Methadone, Etizolam",Alcohol,,,,,,,
,,834,"Methadone, Etizolam, Cocaine, Alcohol",Chlordiazepoxide,,,,,,,
,,835,"Etizolam, Pregabalin, Alcohol",Diazepam,,,,,,,
,,836,"Cocaine, Etizolam, Pregabalin",Mirtazapine,,,,,,,
,,837,"Methadone, Etizolam, Morphine, Heroin, Buprenorphine, Pregabalin",Mirtazapine,,,,,,,
,,838,"Methadone, Etizolam","Mirtazapine, Alcohol",,,,,,,
,,839,"Heroin, Methadone, Etizolam, Pregabalin, Cocaine", ,,,,,,,
,,840,"Methadone, Morphine, Etizolam, Diazepam, Flualprazolam, Pregabalin,
Mirtazapine", ,,,,,,,
,,841,"Morphine, Heroin, Etizolam, Alcohol","Chlorpromazine, Mirtazapine, Procyclidine",,,,,,,
,,842,"Methadone, Pregabalin, Flubromazolam, Mirtazapine","Morphine, Codeine",,,,,,,
,,843,"Heroin, Flubromazolam",Alcohol,,,,,,,
,,844,"methadone, morphine, etizolam, flualprazolam, pregabalin","Diazepam, Mirtazapine, Alcohol",,,,,,,
,,845,"Morphine, Methadone, Dihydrocodeine, Benzodiazepine, Etizolam,
Alprazolam, Diazepam, Nitrazepam, Clonazepam, Pregabalin",Paracetamol,,,,,,,
,,846,"Heroin, Methadone, Etizolam, Pregabalin",Cocaine,,,,,,,
,,847,"Heroin, methadone, etizolam, cocaine","Diazepam, Pregabalin",,,,,,,
,,848,"Methadone, Heroin, Pregabalin, Flubromazolam", ,,,,,,,
,,849,"Methadone, pregabalin, etizolam","Paracetamol, Alcohol",,,,,,,
,,850,"Heroin, Etizolam, Cocaine","Diazepam Paracetamol, Sertraline, Alcohol",,,,,,,
,,851,"Morphine, Methadone, Flualprazolam",Diazepam,,,,,,,
,,852,"Buprenorphine, Etizolam, Flualprazolam, Cocaine", ,,,,,,,
,,853,"Methadone, Morphine, Etizolam, Alprazolam","Dihydrocodeine, Diazepam, Amitriptyline",,,,,,,
,,854,"Methadone, tramadol, etizolam, pregabalin",Mirtazapine,,,,,,,
,,855,"Heroin, Oxycodone, Pregabalin, Flualprazolam, Methadone",Diazepam,,,,,,,
,,856,"Heroin, methadone, flualprazolam, pregabalin","Diazepam, Mirtazapine, Alcohol",,,,,,,
,,857,"Heroin, Flubromazolam, gabapentin, Pregabalin", ,,,,,,,
,,858,"Methadone, Etizolam, Cocaine","Mirtazapine, Morphine, Codeine",,,,,,,
,,859,"Heroin, Etizolam, Alcohol", ,,,,,,,
,,860,"Heroin, Etizolam, Cocaine",Tramadol,,,,,,,
,,,,,,,,,,,
,,NOT included in this report's statistics of drug-related deaths,,,,,,,,,
,,,,,,,,,,,
,,no.,"Substances which were implicated in, or potentially contributed to, the cause of death","Substances which were present, but which were not considered to have contributed to the death",,,,,,,
,,,,,,,,,,,
,,1,"Unspecified solvent, Etizolam, Morphine", ,,,,,,,
,,2,"Cocaine, Heroin, Methadone, Etizolam, Tramadol","Diazepam, Alcohol",,,,,,,
,,3,"Methadone, Heroin, Etizolam",Mirtazapine,,,,,,,
,,4,"Etizolam, Buprenorphine", ,,,,,,,
,,5,"Etizolam, Cocaine", ,,,,,,,
,,6,"Heroin, Etizolam, Alcohol", ,,,,,,,
,,7,Etizolam, ,,,,,,,
,,8,"Opiate, Amphetamine, Etizolam", ,,,,,,,
,,,,,,,,,,,
,,,,,,,,,,,
,,,,,,,,,,,
Table NPS3 (continued): Drug poisoning deaths on the basis of the Office for National Statistics (ONS) 'wide' definition which involved New Psychoactive Substances (NPSs)1 and were registered in 2020,,,,,,,,,,,
,,,,,,,,,,,
,,,,,,,,,,,
"(i) (continued) Deaths for which one or more NPSs were implicated in, or potentially contributed to, the death",,,,,,,,,,,
,,,,,,,,,,,
,(b) Other types of NPS present; no Benzodiazepine-type NPS,,,,,,,,,,
,,,,,,,,,,,
,,Included in this report's statistics of drug-related deaths2,,,,,,,,,
,,,,,,,,,,,
,,no.,"Substances which were implicated in, or potentially contributed to, the cause of death","Substances which were present, but which were not considered to have contributed to the death",,,,,,,
,,,,,,,,,,,
,,,,,,,,,,,
,,,no such deaths,,,,,,,,
,,,,,,,,,,,
,,NOT included in those statistics,,,,,,,,,
,,,,,,,,,,,
,,,no such deaths,,,,,,,,
,,,,,,,,,,,
,,,,,,,,,,,
,,,,,,,,,,,
,(c) Both Benzodiazepine-type NPS and other types of NPS present,,,,,,,,,,
,,,,,,,,,,,
,,Included in this report's statistics of drug-related deaths2,,,,,,,,,
,,,,,,,,,,,
,,no.,"Substances which were implicated in, or potentially contributed to, the cause of death","Substances which were present, but which were not considered to have contributed to the death",,,,,,,
,,,,,,,,,,,
,,1,"Morphine, Dihydrocodeine, Hydrocodone, Diazepam, Etizolam, Flualprazolam, Gabapentin","Mephedrone, Cocaine, Ecstasy, Cannabis",,,,,,,
,,2,"methadone, pregabalin, etizolam, diazepam, cocaine, mephedrone, alcohol","Quetiapine, Paracetamol",,,,,,,
,,3,"Etizolam, 4F-MDMB-BINACA, 5F-MDMB-PICA, Tramadol", ,,,,,,,
,,4,"Heroin, Etizolam, Mirtazapine, 4F-MDMB-BINACA", ,,,,,,,
,,,,,,,,,,,
,,NOT included in those statistics,,,,,,,,,
,,,,,,,,,,,
,,,no such deaths,,,,,,,,
,,,,,,,,,,,
,,,,,,,,,,,
Table NPS3 (continued): Drug poisoning deaths on the basis of the Office for National Statistics (ONS) 'wide' definition which involved New Psychoactive Substances (NPSs)1 and were registered in 2020,,,,,,,,,,,
,,,,,,,,,,,
,,,,,,,,,,,
(ii) Deaths for which NPSs were present but were NOT considered to have contributed to the death,,,,,,,,,,,
,,,,,,,,,,,
,(a) Benzodiazepine-type NPS present; no other types of NPS,,,,,,,,,,
,,,,,,,,,,,
,,Included in this report's statistics of drug-related deaths2,,,,,,,,,
,,,,,,,,,,,
,,no.,"Substances which were implicated in, or potentially contributed to, the cause of death","Substances which were present, but which were not considered to have contributed to the death",,,,,,,
,,,,,,,,,,,
,,1,Heroin,"Etizolam, Quetiapine, Cocaine, Alcohol",,,,,,,
,,2,Methadone,"Diazepam, Etizolam",,,,,,,
,,3,Buprenorphine,"Etizolam, Flualprazolam, Cocaine",,,,,,,
,,4,Cocaine,"Etizolam, Tramadol",,,,,,,
,,5,"MDMA, Cocaine, Alcohol",Phenazepam,,,,,,,
,,6,"Morphine, Buprenorphine, Gabapentin, Alcohol","Amitriptyline, Diazepam, Etizolam, Cocaine",,,,,,,
,,7,"Methadone, Heroin, Buprenorphine,
Gabapentin","Codeine, Etizolam",,,,,,,
,,8,"Cocaine, Alcohol","Dihydrocodeine, Etizolam",,,,,,,
,,9,"Heroin, Methadone","Cocaine, Etizolam, Mirtazapine, Codeine",,,,,,,
,,10,"Cocaine, Alcohol","8 aminoclonazolam, Paracetamol",,,,,,,
,,11,Heroin,"Nitrazepam, Etizolam, Pregabalin, Diazepam",,,,,,,
,,12,"Methadone, Gabapentin","Etizolam, Olanzapine, Valproic acid, Nitrazepam, Mirtazapine, Chlorpromazine,
Venlafaxine",,,,,,,
,,13,Morphine,"Etizolam, Diazepam, Gabapentin, Fluoxetine, Promethazine, Alcohol",,,,,,,
,,14,"Heroin, Methadone, Dihydrocodeine,
Pregabalin","Diazepam, Etizolam, Alcohol",,,,,,,
,,15,MDMA,"Etizolam, Alcohol",,,,,,,
,,16,Cocaine,"Etizolam, Citalopram, Midazolam",,,,,,,
,,17,"Heroin, Alcohol","Etizolam, Diazepam, Cyclizine",,,,,,,
,,18,"Methadone, Alcohol",Etizolam,,,,,,,
,,19,Methadone,"Etizolam, Cocaine, Alcohol",,,,,,,
,,20,"Tramadol, Gabapentin, Cocaine","Mirtazapine, Etizolam, Codeine, Paracetamol, Diazepam",,,,,,,
,,21,Cocaine,Etizolam,,,,,,,
,,22,Methadone,"Gabapentin, Etizolam, Alcohol",,,,,,,
,,23,"Cocaine, MDMA","Etizolam, Alcohol",,,,,,,
,,24,"Heroin, Cocaine",Etizolam,,,,,,,
,,25,"Gabapentin, Alcohol","Etizolam, Promethazine",,,,,,,
,,26,Methadone,"Morphine, Cocaine, Diazepam, Sertraline, Promethazine, Etizolam",,,,,,,
,,27,"Morphine, Methadone","Pregabalin, Mirtazapine, Etizolam",,,,,,,
,,28,Heroin,"Etizolam, Cocaine",,,,,,,
,,29,Methadone,"Etizolam, Mirtazapine, Pregabalin",,,,,,,
,,30,Heroin,"Etizolam, Cocaine",,,,,,,
,,31,"Heroin, Gabapentin","Phenazepam, Pregabalin, Cocaine, Alcohol",,,,,,,
,,32,Cocaine,"Diazepam, Oxycodone, Pregabalin, Etizolam, Alcohol",,,,,,,
,,33,Methadone,"Etizolam, Phenazepam, Pregabalin, Mirtazapine",,,,,,,
,,,,,,,,,,,
,,NOT included in those statistics,,,,,,,,,
,,,,,,,,,,,
,,no.,"Substances which were implicated in, or potentially contributed to, the cause of death","Substances which were present, but which were not considered to have contributed to the death",,,,,,,
,,,,,,,,,,,
,,1, ,"Benzoylecgonine, Diazepam, Etizolam, Morphine",,,,,,,
,,,,,,,,,,,
,,,,,,,,,,,
,(b) Other types of NPS present; no Benzodiazepine-type NPS,,,,,,,,,,
,,,,,,,,,,,
,,Included in this report's statistics of drug-related deaths2,,,,,,,,,
,,,,,,,,,,,
,,no.,"Substances which were implicated in, or potentially contributed to, the cause of death","Substances which were present, but which were not considered to have contributed to the death",,,,,,,
,,,,,,,,,,,
,,1,"Dihydrocodeine, Morphine, Methadone, Cocaine, Alcohol","Mirtazapine, Baclofen, Diazepam, Paracetamol, Mephedrone",,,,,,,
,,,,,,,,,,,
,,,,,,,,,,,
,,NOT included in those statistics,,,,,,,,,
,,,,,,,,,,,
,,,no such deaths,,,,,,,,
,,,,,,,,,,,
,,,,,,,,,,,
,(c) Both Benzodiazepine-type NPS and other types of NPS present,,,,,,,,,,
,,,,,,,,,,,
,,Included in this report's statistics of drug-related deaths2,,,,,,,,,
,,,,,,,,,,,
,,,no such deaths,,,,,,,,
,,,,,,,,,,,
,,NOT included in those statistics,,,,,,,,,
,,,,,,,,,,,
,,,no such deaths,,,,,,,,
,,,,,,,,,,,
,,,,,,,,,,,
,,,,,,,,,,,
Footnotes,,,,,,,,,,,
1) The substances which are counted (for the purpose of these figures) as New Psychoactive Substances are described in Annex E.,,,,,,,,,,,
"2) This is within the Drug Strategy 'baseline' definition, as implemented by National Records of Scotland.",,,,,,,,,,,
,,,,,,,,,,,
� Crown Copyright 2021,,,,,,,,,,,
,,,,,,,,,,,
,,,,,,,,,,,
,,,,,,,,,,,
,,,,,,,,,,,
,,,,,,,,,,,
,,,,,,,,,,,
,,,,,,,,,,,
,,,,,,,,,,,
,,,,,,,,,,,
,,,,,,,,,,,
,,,,,,,,,,,
,,,,,,,,,,,
,,,,,,,,,,,
,,,,,,,,,,,
,,,,,,,,,,,
,,,,,,,,,,,
