"Table HB5: Drug-related deaths by NHS Board area: average for 2013-2017, and relative to the estimated number of problem drug users in 2015/16",,,,,,,,,,,,,,,,
,,,,,,,,,,,,,,,,
,,,,,,,,,,,,,,,,
,,,,,,,,,,,,,,,,
,2013-2017 annual average drug-deaths (all ages),,Problem drug users (aged 15-64) in 2015/16 1,,,,,,Annual average drug-deaths: 2013-2017,,,,,,,
,,,,,,,,,,,,,,,,
,,,,,,,,,"per 1,000 problem drug users in 2015/16 4",,,,,,,
,,,,,,,,,,,,,,,,
,,,,,95% Confidence Interval 2,,,,,,Likely range of values,,,,,
,,,Estimate,,Lower end,Upper end,+ / - 3,,Estimate,,from 5,to 5,,,,
,,,,,,,,,,,,,,,,
,,,,,,,,,,,,,,,,
Scotland,730,,"57,300",,"55,800","58,900",3%,,12.7,,12.4,13.1,,,,
,,,,,,,,,,,,,,,,
Ayrshire & Arran,54,,"4,200",,"3,900","4,400",6%,,12.8,,12.2,13.7,,,,
Borders,11,,510,,450,600,15%,,21.6,,18.3,24.4,,,,
Dumfries & Galloway,15,,"1,100",,940,"1,300",16%,,13.3,,11.2,15.5,,,,
Fife,48,,"2,800",,"2,500","3,100",11%,,17.1,,15.5,19.2,,,,
Forth Valley,33,,"2,900",,"2,600","3,200",10%,,11.5,,10.4,12.8,,,,
Grampian,62,,"3,800",,"3,600","4,100",7%,,16.2,,15.0,17.1,,,,
Greater Glasgow & Clyde,217,,"18,700",,"17,700","19,800",6%,,11.6,,11.0,12.3,,,,
Highland,28,,"1,900",,"1,700","2,100",11%,,14.6,,13.2,16.4,,,,
Lanarkshire,86,,"7,600",,"6,900","8,300",9%,,11.3,,10.4,12.5,,,,
Lothian,112,,"9,000",,"8,500","9,500",6%,,12.4,,11.8,13.2,,,,
Orkney,1,,30,,20,50,50%,,26.7,,16.0,40.0,,,,
Shetland,2,,170,,120,260,41%,,9.4,,6.2,13.3,,,,
Tayside,61,,"4,600",,"4,300","4,900",7%,,13.2,,12.4,14.1,,,,
Western Isles,2,,50,,40,70,30%,,32.0,,22.9,40.0,,,,
,,,,,,,,,,,,,,,,
,,,,,,,,,,,,,,,,
Footnotes,,,,,,,,,,,,,,,,
"1) Estimates of problem drug users aged 15 to 64, as published by the Information Services Division (ISD) of NHS National Services Scotland (now part of Public Health Scotland).  These estimates for 2015/16 were the latest estimates available when this publication was produced. Some of the estimates are subject to potentially large percentage margins of error, as indicated by the 95% Confidence Intervals. ",,,,,,,,,,,,,,,,
,,,,,,,,,,,,,,,,
,,,,,,,,,,,,,,,,
"2) The 95% Confidence Intervals are the range within which it is expected that the true value will lie. On the basis of statistical theory, there is only a 5% chance that a 95% Confidence Interval will not include the (unknown) true value of the quantity which is being estimated - so, on average, one would expect that 19 out of 20 of all 95% Confidence Intervals will include the (unknown) true values.",,,,,,,,,,,,,,,,
,,,,,,,,,,,,,,,,
,,,,,,,,,,,,,,,,
3) The average of the percentage differences between (a) the estimate and the lower end of the 95% Confidence Interval and (b) the estimate and the upper end of the 95% Confidence Interval. It is calculated using the rounded values of the estimate and the two ends.,,,,,,,,,,,,,,,,
,,,,,,,,,,,,,,,,
"4) These death rates are broad indications only, as (e.g.) the estimated numbers of problem drug users may be subject to wide confidence intervals.  The rates may also tend to be slightly over-estimated, because their numerators are the numbers of deaths of all ages (including the small proportions aged 0-14 and 65+) whereas their denominators are the estimated numbers of problem drug users aged 15-64.",,,,,,,,,,,,,,,,
,,,,,,,,,,,,,,,,
,,,,,,,,,,,,,,,,
These figures were calculated using the annual average number of drug-deaths for 2013-2017 and the estimated numbers of problem drug users for 2015/16. The 'error bars' in chart 5 indicate the likely ranges of values.,,,,,,,,,,,,,,,,
,,,,,,,,,,,,,,,,
"5) The 'from' value in the range for the rate is calculated using the upper end of the 95% Confidence Interval for the estimated number of problem drug users, and the 'to' value in the range for the rate is calculated using the lower end of the 95% Confidence Interval for the estimated number of problem drug users, ",,,,,,,,,,,,,,,,
,,,,,,,,,,,,,,,,
Note  ,,,,,,,,,,,,,,,,
The numbers of drug-related deaths for each area are based on the Board boundaries that apply with effect from 1 April 2014.,,,,,,,,,,,,,,,,
The figures that have been used for earlier years are the numbers that would have been seen had the new boundaries applied in those years.,,,,,,,,,,,,,,,,
The estimated numbers of problem drug users are also based on the Board boundaries that applied with effect from April 2014,,,,,,,,,,,,,,,,
,,,,,,,,,,,,,,,,
� Crown Copyright 2021,,,,,,,,,,,,,,,,
