"Table 3: Drug-related deaths by selected drugs reported1, Scotland, 1996 to 2020",,,,,,,,,,,,,,,,,,,,,
,,,,,,,,,,,,,,,,,,,,,
Year,All drug-related deaths,Opiates and opioids,,,,,,Benzodiazepines,,,,,Gabapentin and/or Pregabalin,Cocaine,Ecstasy-type,Amphet-amines,Alcohol,,,,
,,,,,,,,any benzo-diazepine,,,,,,,,,,,,,
,,Heroin / morphine 2,Methadone,"Heroin / morphine, Methadone or Bupren-orphine",Codeine or a codeine-containing compound,Dihydro-codeine or a d.h.c-containing compound,Any opiate or opioid,,of which:,,of which:,,,,,,,,,,
,,,,,,,,,"any ""Prescrib-able"" benzo-diazepine 3",of which: Diazepam,"any ""Street"" benzo-diazepine 3",of which: Etizolam,,,,,,,,,
,,,,,,,,,,,,,,,,,,,,,
,,,,,,,,,,,,,,,,,,,,,
,,,,,,,,,,,,,,,,,,,,,
annual averages:,,,,,,,,,,,,,,,,,,,,,
1996-2000,260,128,74,..,..,..,..,..,..,116,..,..,..,6,7,..,91,,,,
2003-2007,377,229,90,292,19,47,334,128,128,103,0,0,0,38,13,11,129,,,,
,,,,,,,,,,,,,,,,,,,,,
1996,244,84,100,..,..,..,..,..,..,84,..,..,..,3,9,..,87,,,,
1997,224,74,86,..,..,..,..,..,..,93,..,..,..,5,2,..,70,,,,
1998,249,121,64,..,..,..,..,..,..,113,..,..,..,4,3,..,86,,,,
1999,291,167,63,..,..,..,..,..,..,142,..,..,..,12,8,..,89,,,,
2000,292,196,55,232,17,32,263,164,164,146,0,0,0,4,11,3,123,,,,
2001,332,216,69,253,9,51,301,182,182,156,0,0,0,19,20,5,140,,,,
2002,382,248,98,309,11,55,339,245,245,214,0,0,0,31,20,13,156,,,,
2003,317,175,87,239,18,51,285,186,186,153,0,0,0,29,14,10,128,,,,
2004,356,225,80,275,25,41,324,140,140,113,0,0,0,38,17,10,116,,,,
2005,336,194,72,246,12,49,288,110,110,90,0,0,0,44,10,11,114,,,,
2006,421,260,97,328,25,42,366,94,94,78,0,0,0,33,13,11,131,,,,
2007,455,289,114,370,15,50,409,109,109,79,0,0,0,47,11,11,157,,,,
2008,574,324,169,445,24,67,507,149,148,115,1,0,2,36,5,11,167,,,,
2009,545,322,173,432,33,64,498,154,154,116,1,0,2,32,2,6,165,,,,
2010,485,254,174,395,11,58,442,122,122,93,0,0,3,33,0,3,127,,,,
2011,584,206,275,430,32,85,524,185,172,123,14,0,8,36,8,24,129,,,,
2012,581,221,237,399,33,84,499,196,179,160,20,1,25,31,9,18,111,,,,
2013,527,221,216,383,33,81,461,149,126,106,40,8,56,45,17,27,103,,,,
2014,614,309,214,449,38,69,536,121,92,84,41,34,86,45,14,22,106,,,,
2015,706,345,251,493,31,94,606,191,143,121,58,43,131,93,15,17,107,,,,
2016,868,473,362,650,43,114,766,426,173,154,303,223,208,123,28,25,112,,,,
2017,934,470,439,709,27,97,815,552,234,205,423,299,242,176,27,32,90,,,,
2018,"1,187",537,560,896,57,133,"1,021",792,238,211,675,548,367,273,35,46,156,,,,
2019,"1,280",651,567,971,57,118,"1,106",902,204,188,823,754,443,372,25,52,140,,,,
2020,"1,339",605,708,"1,059",51,151,"1,192",974,210,194,879,806,502,459,40,60,173,,,,
,,,,,,,,,,,,,,,,,,,,,
annual averages:,,,,,,,,,,,,,,,,,,,,,
2003-2007,377,229,90,292,19,47,334,128,128,103,0,0,0,38,13,11,129,,,,
2008-2012,554,265,206,420,27,72,494,161,155,121,7,0,8,34,5,12,140,,,,
2016-2020 ,"1,122",547,527,857,47,123,980,729,212,190,621,526,352,281,31,43,134,,,,
,,,,,,,,,,,,,,,,,,,,,
,,,,,,,,,,,,,,,,,,,,,
Footnotes,,,,,,,,,,,,,,,,,,,,,
"1) More than one drug may be reported per death. These are mentions of each drug, and should not be added to give total deaths. Up to 2007, some pathologists reported only those drugs which they thought caused, or contributed to, the death. From 2008, they report separately:",,,,,,,,,,,,,,,,,,,,,
,,,,,,,,,,,,,,,,,,,,,
"(a) drugs which were implicated in, or which potentially contributed to the cause of death; and",,,,,,,,,,,,,,,,,,,,,
(b) other drugs which were present but which were not considered to have had any direct contribution to the death.,,,,,,,,,,,,,,,,,,,,,
"The figures for 2008 onwards are on the first basis - i.e. basis (a) - which became the normal basis for figures for individual drugs with effect from ""Drug-related Deaths in Scotland in 2009'.",,,,,,,,,,,,,,,,,,,,,
There may be other differences between years and/or areas in the way in which the information was produced - more information can be found in Annex C.,,,,,,,,,,,,,,,,,,,,,
"2) The table shows a combined figure for 'heroin/morphine' because it is believed that, in the overwhelming majority of cases where morphine has been identified in post-mortem toxicological tests, its presence is the result of heroin use.",,,,,,,,,,,,,,,,,,,,,
"3) The distinction between ""prescribable"" and ""street"" benzodiazepines is as specified by the Information Services Division (ISD) of NHS National Services Scotland (which is now part of Public Health Scotland) - see Annex H.",,,,,,,,,,,,,,,,,,,,,
,,,,,,,,,,,,,,,,,,,,,
� Crown Copyright 2021,,,,,,,,,,,,,,,,,,,,,
,,,,,,,,,,,,,,,,,,,,,
,,,,,,,,,,,,,,,,,,,,,
,,,,,,,,,,,,,,,,,,,,,
,,,,,,,,,,,,,,,,,,,,,
