,,,,,,,,
,,,,,,,,
"""Drug poisoning"" deaths (counted using the ONS ""wide"" definition) ",,,,,,,,
for which COVID-19 or CORONAVIRUS was mentioned on the death certificate,,,,,,,,
,,,,,,,,
No such deaths registered in 2020,,,,,,,,
,,,,,,,,
,,,,,,,,
50         DATA work.COVIDmentioned ;,,,,,,,,
51,,,,,,,,
52           SET branch.DRDperiod ( WHERE= ( yr = 2020 ) ) ;,,,,,,,,
53,,,,,,,,
"54           IF INDEX ( UPCASE ( AllCodes ) , 'U07' ) > 0   OR",,,,,,,,
"55              INDEX ( UPCASE ( AllText ) , 'COVID' ) > 0  OR",,,,,,,,
"56              INDEX ( UPCASE ( AllText ) , 'CORONAVIR' ) > 0",,,,,,,,
57                 THEN  OUTPUT ;,,,,,,,,
58,,,,,,,,
59         RUN ;,,,,,,,,
,,,,,,,,
NOTE: There were 1461 observations read from the data set BRANCH.DRDPERIOD.,,,,,,,,
      WHERE yr=2020;,,,,,,,,
NOTE: The data set WORK.COVIDMENTIONED has 0 observations and 242 variables.,,,,,,,,
