Calculate Scottish and UK rates per million population (all ages),,,,,,,,,,,,,,,,
,,,,,,,,,,,,,,,,
,"These figures cover deaths which are described as ""drug-related deaths"" in Scotland, and as",,,,,,,,,,,,,,,
,"""drug misuse deaths"" in England and Wales, and in Northern Ireland - see Annex G of the publication",,,,,,,,,,,,,,,
,,,,,,,,,,,,,,,,
,Year:,2019,,,,,,,,,,,,,,
,,,,,,,,,,,,,,,,
,,,,,,,,,,,,,,,,
,,Drug-deaths,,Population,,Rate per,,,,Ratio,,,,,,
,,(all ages),,(all ages),,million pop,,with 2 d.p.,,Scotland :,,,,,,
,,reg'd in year,,mid-year,,(all ages),,,,UK as a whole,,,,,,
,,,,,,,,,,,,,,,,
,Scotland *,"1,280",,"5,463,300",,234,,234.29,,3.62,,,,,,
,,,,,,,,,,,,,,,,
,Scotland,"1,280",,,,,,,,,,,,,,
,England and Wales **,"2,883",,,,,,,,,,,,,,
,Northern Ireland **,165,,,,,,,,,,,,,,
,UK total **,"4,328",,"66,796,807",,65,,64.79,,,,,,,,
,,,,,,,,,,,,,,,,
,* Scotland figures from earlier in this workbook,,,,,,,,,,,,,,,
,"** E+W and NI ""drug misuse"" deaths and UK population figures from ONS and NI websites - see Annex G for 'drug-death' links",,,,,,,,,,,,,,,
,,,,,,,,,,,,,,,,
,Year:,2018,,,,,,,,,,,,,,
,,,,,,,,,,,,,,,,
,,,,,,,,,,,,,,,,
,,Drug-deaths,,Population,,Rate per,,,,Ratio,,,,,,
,,(all ages),,(all ages),,million pop,,with 2 d.p.,,Scotland :,,,,,,
,,reg'd in year,,mid-year,,(all ages),,,,UK as a whole,,,,,,
,,,,,,,,,,,,,,,,
,Scotland *,"1,187",,"5,438,100",,218,,218.27,,3.40,,,,,,
,,,,,,,,,,,,,,,,
,Scotland,"1,187",,,,,,,,,,,,,,
,England and Wales **,"2,917",,,,,,,,,,,,,,
,Northern Ireland **,161,,,,,,,,,,,,,,
,UK total **,"4,265",,"66,435,600",,64,,64.20,,,,,,,,
,,,,,,,,,,,,,,,,
,* Scotland figures from earlier in this workbook,,,,,,,,,,,,,,,
,"** E+W and NI ""drug misuse"" deaths and UK population figures from ONS and NI websites - see Annex G for 'drug-death' links",,,,,,,,,,,,,,,
,,,,,,,,,,,,,,,,
,,,,,,,,,,,,,,,,
� Crown Copyright 2021,,,,,,,,,,,,,,,,
,,,,,,,,,,,,,,,,
,,,,,,,,,,,,,,,,
,"FOR USE WHEN E+W (and, maybe, NI) FIGURES FOR 2020 ARE AVAILABLE",,,,,,,,,,,,,,,
,,,,,,,,,,,,,,,,
,,,,,,,,,,,,,,,,
,Year:,2020,,,,,,,,,,,,,,
,,,,,,,,,,,,,,,,
,,,,,,,,,,,,,,,,
,,Drug-deaths,,Population,,Rate per,,,,Ratio,,,,,,
,,(all ages),,(all ages),,million pop,,with 2 d.p.,,Scotland :,,,,,,
,,reg'd in year,,mid-year,,(all ages),,,,UK as a whole,,,,,,
,,,,,,,,,,,,,,,,
,Scotland *,"1,339",,"5,466,000",,245,,244.97,,#VALUE!,,,,,,
,,,,,,,,,,,,,,,,
,Scotland,"1,339",,,,,,,,,,,,,,
,England and Wales **,,,,,,,,,,,,,,,
,Northern Ireland ***,,,,,,,,,,,,,,,
,UK total **,"1,339",,"67,081,234",,=1000000*C60/E60,,=G60,,,,,,,,
,,,,,,,,,,,,,,,,
,* Scotland figures from earlier in this workbook,,,,,,,,,,,,,,,
,"** E+W ""drug misuse"" deaths and UK population figures will come (after publication in August 2021) from ONS website - see Annex G for 'drug-death' links",,,,,,,,,,,,,,,
,"The E+W ""drug misuse"" deaths figure were not due to be published until August 2021, so NRS could not produce,",,,,,,,,,,,,,,,
,"for NRS's publication in July 2021, an estimate of the UK drug-related/misuse death rate for 2020 ",,,,,,,,,,,,,,,
,"*** the figure for Northern Ireland for 2020 may not have been published at the time that figures for Wngland and Wales become available, so",,,,,,,,,,,,,,,
,NRS could assume that it will be exactly the same as it was for 2019,,,,,,,,,,,,,,,
,in order to estimate a number and rate for the UK as a whole for 2020. ,,,,,,,,,,,,,,,
,"It is expected that such estimates will have, at worst, only very small percentage margins of error, ",,,,,,,,,,,,,,,
,because Northern Ireland accounted for under 4% of drug-deaths in the UK in 2018.,,,,,,,,,,,,,,,
