"Table HB4: Drug-related deaths per 100,000 population, NHS Boards, annual averages for 2016-2020 1       ",,,,,,,,,,,,
,,,,,,,,,,,,
,Age-group,,,,,,,,,,,
,,,,,,,,,,,,
,,,,,,,,,,,,
,15 - 24 2,25 - 34,35 - 44,45 - 54,55 - 64 3,Ages 15 - 64,All ages 4,,,,,
,,,,,,,,,,,,
Scotland 5,9.3,29.1,60.6,42.2,12.6,31.0,20.6,,,,,
,,,,,,,,,,,,
Ayrshire & Arran,8.0,47.0,93.0,41.8,9.6,38.1,23.9,,,,,
Borders,14.1,41.9,32.1,27.1,5.6,22.5,13.9,,,,,
Dumfries & Galloway,5.4,43.0,67.6,20.2,7.0,25.8,15.6,,,,,
Fife,11.3,28.2,59.4,29.2,9.1,26.9,17.3,,,,,
Forth Valley,10.8,42.6,60.3,35.3,7.4,31.1,20.3,,,,,
Grampian,4.5,18.9,41.1,31.3,9.3,21.6,14.6,,,,,
Greater Glasgow & Clyde,10.8,27.9,81.9,76.5,23.3,43.8,30.3,,,,,
Highland,8.4,32.1,30.7,19.7,9.1,19.3,12.1,,,,,
Lanarkshire,12.3,39.5,59.8,36.5,9.7,31.7,21.0,,,,,
Lothian,8.5,17.4,42.6,34.0,10.8,23.0,16.3,,,,,
Orkney,9.4,24.4,0.0,12.0,12.0,11.7,8.1,,,,,
Shetland,0.0,22.4,7.2,0.0,25.0,11.0,7.8,,,,,
Tayside,8.0,36.6,83.3,44.8,15.0,36.6,23.5,,,,,
Western Isles,8.2,16.5,26.8,9.9,0.0,11.3,6.7,,,,,
,,,,,,,,,,,,
,,,,,,,,,,,,
Footnotes,,,,,,,,,,,,
1) Calculated by dividing the average number of drug-related deaths per year over the specified 5-year period by the estimated population in the middle of the 5-year period (which is a proxy for the average population over the whole of the period).,,,,,,,,,,,,
,,,,,,,,,,,,
"2) Some other tables which provide figures by age-group give the number of drug-related deaths of people who were aged under 25. However, this column's figures are for ages 15-24, inclusive, as there are very few drug-related deaths of people aged 0-14.",,,,,,,,,,,,
,,,,,,,,,,,,
"3) Some other tables which provide figures by age-group give the number of drug-related deaths of people who were aged 55 and over. However, this column's figures are for ages 55-64, inclusive, as there are relatively few drug-related deaths of people aged 65 and over.",,,,,,,,,,,,
,,,,,,,,,,,,
4) Including ages 0-14 and 65+.,,,,,,,,,,,,
"5) An occasional figure for Scotland may differ slightly from the corresponding 5-year average in Table 8, because the latter was calculated simply by taking the average of the figures for Scotland for each of the five individual years (rather than by applying the method described in footnote 1 to the figures for Scotland).",,,,,,,,,,,,
,,,,,,,,,,,,
,,,,,,,,,,,,
Note  ,,,,,,,,,,,,
The figures for each area are based on the Board boundaries that apply with effect from 1 April 2014.  ,,,,,,,,,,,,
The figures that have been used for earlier years are the numbers that would have been seen had the new boundaries applied in those years.,,,,,,,,,,,,
,,,,,,,,,,,,
� Crown Copyright 2021,,,,,,,,,,,,
