"Table SUB1 - Substances which were reported for drug-related deaths, Scotland, 2000 to 2020",,,,,,,,,,,,,,,,,,,,,,,
,,,,,,,,,,,,,,,,,,,,,,,
This table's two lists show how often each the name of each drug (or other substance) was mentioned for the drug-related deaths that were registered in each year.,,,,,,,,,,,,,,,,,,,,,,,
,,,,,,,,,,,,,,,,,,,,,,,
Points to note,,,,,,,,,,,,,,,,,,,,,,,
,,,,,,,,,,,,,,,,,,,,,,,
More than one drug may be reported per death.  ,,,,,,,,,,,,,,,,,,,,,,,
Each death is counted ONCE for each drug/substance name that was mentioned.,,,,,,,,,,,,,,,,,,,,,,,
"To simplify the computer programming, the names appear in UPPER CASE, and an underscore (""_"") is used when a name consists of two or more words.",,,,,,,,,,,,,,,,,,,,,,,
,,,,,,,,,,,,,,,,,,,,,,,
There are two lists of drug/substance names because,,,,,,,,,,,,,,,,,,,,,,,
"   -   up to 2007, some pathologists reported only those drugs which they thought caused, or contributed to, the death",,,,,,,,,,,,,,,,,,,,,,,
"   -   from 2008, they report separately",,,,,,,,,,,,,,,,,,,,,,,
".                (a) drugs which were implicated in, or which potentially contributed to, the cause of the death; and",,,,,,,,,,,,,,,,,,,,,,,
.                (b) other drugs which were present but which were not considered to have had any direct contribution to the death.,,,,,,,,,,,,,,,,,,,,,,,
The first list covers: ,,,,,,,,,,,,,,,,,,,,,,,
"   -   up to 2007, all drugs/substances that were reported; ",,,,,,,,,,,,,,,,,,,,,,,
"   -   from 2008, only those which were implicated in, or potentially contributed to, the cause of death",,,,,,,,,,,,,,,,,,,,,,,
The second list covers:,,,,,,,,,,,,,,,,,,,,,,,
"   -   from 2008, the drugs/substances which were present but which were not considered to have had any direct contribution to the death",,,,,,,,,,,,,,,,,,,,,,,
,,,,,,,,,,,,,,,,,,,,,,,
"Sometimes, different pathologists may use different versions of a name (e.g. ""6-MAM"", ""6MAM"", ""6_MAM"").  There is a separate entry for each version that was used, and there could be separate entries for singular and plural versions of a substance name (e.g. ""analgesic"", ""analgesics""). and there may be the occasional spelling mistake or ""typo"" when the information was entered into the computer system.",,,,,,,,,,,,,,,,,,,,,,,
,,,,,,,,,,,,,,,,,,,,,,,
,,,,,,,,,,,,,,,,,,,,,,,
,,,,,,,,,,,,,,,,,,,,,,,
"NRS may sometimes have tried to standardise the way in which particular substance names are recorded in its database, but these lists show that the terminology has not been completely consistent over all the years.",,,,,,,,,,,,,,,,,,,,,,,
,,,,,,,,,,,,,,,,,,,,,,,
,,,,,,,,,,,,,,,,,,,,,,,
"In the case of an unspecified member of a group of substances (e.g. ""benzodiazepine"" or ""opiate""), rather than a specific drug (such as ""diazepam"" or ""heroin""), the list shows the number of deaths for which that particular word was used.  Such figures do not include the number of times that a substance which belongs to that group was mentioned.  As a result, the figures for ""benzodiazepine"" are less than the figures for ""diazepam"", and likewise for ""opiate"" and ""heroin"". Information about the numbers of drug-related deaths for which one or more benzodiazepines were reported, or for which one or more opiates or opiods were reported, is available from Table 3 of ""Drug-related Deaths in Scotland"".    ",,,,,,,,,,,,,,,,,,,,,,,
,,,,,,,,,,,,,,,,,,,,,,,
,,,,,,,,,,,,,,,,,,,,,,,
,,,,,,,,,,,,,,,,,,,,,,,
,,,,,,,,,,,,,,,,,,,,,,,
"Apparent discrepancies between this table and Table 3 may be explained by Table 3's figures covering all the names of substances in a particular category, whereas this table has a separate entry for each.  So, for example, Table 3's figures for ""alcohol"" include ""ethanol"" which appears separately in this table.  Note that there could be deaths for which more than one version of a name was reported (e.g. both ""alcohol"" and ""ethanol"" were mentioned).",,,,,,,,,,,,,,,,,,,,,,,
,,,,,,,,,,,,,,,,,,,,,,,
,,,,,,,,,,,,,,,,,,,,,,,
,,,,,,,,,,,,,,,,,,,,,,,
"For 2001, 2003 and 2006, there are differences of one or two between the total number of drug-related deaths shown in this table and the published total for the year. This is due to the figures in this table being produced from the new database.  Further information can be found at the end of Annex A of the publication.",,,,,,,,,,,,,,,,,,,,,,,
,,,,,,,,,,,,,,,,,,,,,,,
,,,,,,,,,,,,,,,,,,,,,,,
List 1,,,,,,,,,,,,,,,,,,,,,,,
"   -   up to 2007, all drugs or substances which were reported for the deaths (possibly including some that were not implicated in some deaths)",,,,,,,,,,,,,,,,,,,,,,,
"   -   from 2008, those drugs or substances which were implicated in, or potentially contributed to, the cause of death",,,,,,,,,,,,,,,,,,,,,,,
,,,,,,,,,,,,,,,,,,,,,,,
,Year in which death was registered,,,,,,,,,,,,,,,,,,,,,,
,2000,2001,2002,2003,2004,2005,2006,2007,2008,2009,2010,2011,2012,2013,2014,2015,2016,2017,2018,2019,2020,,
,,,,,,,,,,,,,,,,,,,,,,,
Total number of drug-related deaths,292,333,382,319,356,336,420,455,574,545,485,584,581,527,614,706,868,934,1187,1280,1339,,
,,,,,,,,,,,,,,,,,,,,,,,
Drug / substance name,,,,,,,,,,,,,,,,,,,,,,,
3-METHOXYPHENCYCLIDINE,.,.,.,.,.,.,.,.,.,.,.,.,.,.,.,.,.,1,.,.,.,,
4-MEC,.,.,.,.,.,.,.,.,.,.,.,.,.,.,1,.,.,.,.,.,.,,
4F-EPH,.,.,.,.,.,.,.,.,.,.,.,.,.,.,.,.,1,.,.,.,.,,
4F-MDMB-BINACA,.,.,.,.,.,.,.,.,.,.,.,.,.,.,.,.,.,.,.,.,2,,
5-MEO-DALT,.,.,.,.,.,.,.,.,.,.,.,.,1,.,.,.,.,.,.,.,.,,
5F-MDMB-PICA,.,.,.,.,.,.,.,.,.,.,.,.,.,.,.,.,.,.,.,.,1,,
5F-MDMB-PINACA,.,.,.,.,.,.,.,.,.,.,.,.,.,.,.,.,.,.,1,1,.,,
5F-PB-22,.,.,.,.,.,.,.,.,.,.,.,.,.,.,1,.,.,.,.,.,.,,
6-MAM,.,.,.,.,.,.,.,.,.,.,.,.,.,.,1,1,.,.,.,1,.,,
6MAM,.,.,.,.,.,.,.,.,.,.,.,.,.,1,2,.,.,.,.,.,.,,
6_MAM,.,.,.,.,.,.,.,.,.,.,.,.,.,.,.,.,1,1,1,.,.,,
AB-FUBINACA,.,.,.,.,.,.,.,.,.,.,.,.,.,.,.,.,.,.,1,1,.,,
ACETYL_FENTANYL,.,.,.,.,.,.,.,.,.,.,.,.,.,.,1,.,.,.,.,.,.,,
ADINAZOLAM,.,.,.,.,.,.,.,.,.,.,.,.,.,.,.,.,.,.,.,.,1,,
AKB48,.,.,.,.,.,.,.,.,.,.,.,.,.,.,.,.,1,.,.,.,.,,
ALCOHOL,123,140,156,129,116,114,131,157,167,165,127,127,108,103,105,107,110,88,154,138,173,,
ALFENTANIL,.,.,.,.,.,.,.,.,.,.,.,.,.,.,.,.,.,1,.,.,.,,
ALPRAZOLAM,.,.,.,.,.,.,.,.,1,1,.,1,.,.,.,2,24,98,137,71,34,,
AMFETAMINE,.,.,.,.,.,.,.,.,.,.,.,.,.,.,1,.,1,1,2,.,5,,
AMIODARONE,.,.,.,.,.,.,.,.,.,1,.,.,.,.,.,.,.,.,.,.,.,,
AMISULPRIDE,.,.,.,.,.,1,.,.,.,.,1,.,.,.,1,1,1,1,3,2,.,,
AMITRIPTYLINE,7,12,10,11,11,11,8,10,21,12,21,28,32,47,30,41,45,36,53,39,32,,
AMLODIPINE,.,.,.,.,.,.,.,.,.,1,.,.,3,1,.,.,.,.,.,.,.,,
AMPHETAMINE,3,5,13,10,10,11,11,11,11,6,3,18,18,20,19,17,22,31,44,52,51,,
AMT,.,.,.,.,.,.,.,.,.,.,.,.,5,2,.,.,.,.,.,.,.,,
AMYLOBARBITONE,1,.,.,.,.,.,.,.,.,.,.,.,.,.,.,.,.,.,.,.,.,,
ANABOLIC_STEROID,.,1,.,.,.,.,.,.,.,.,.,.,.,.,.,.,.,.,.,1,.,,
ANALGESIC,.,.,.,.,1,.,.,.,.,.,.,1,.,.,.,.,.,.,.,.,.,,
ANTIDEPRESSANT,.,.,1,.,.,.,.,.,.,.,.,.,.,.,.,.,.,.,.,.,.,,
ANTIDIABETIC_DRUG,.,1,.,.,.,.,.,.,.,.,.,.,.,.,.,.,.,.,.,.,.,,
APB,.,.,.,.,.,.,.,.,.,.,.,.,2,1,.,.,.,.,.,.,.,,
API,.,.,.,.,.,.,.,.,.,.,.,.,2,1,.,.,.,.,.,.,.,,
ASPIRIN,.,.,.,.,.,.,.,.,.,.,.,.,.,.,.,.,.,.,1,.,.,,
ATENOLOL,.,.,.,1,.,.,.,.,1,.,.,.,.,.,.,.,1,1,1,1,.,,
BACLOFEN,.,.,.,.,.,.,.,.,.,.,.,.,.,.,.,.,2,1,.,1,.,,
BARBITONE,.,.,.,.,.,.,.,.,1,.,.,.,.,.,.,.,.,1,.,.,.,,
BARBITURATE,.,.,.,.,.,.,.,.,.,1,.,1,.,1,1,.,.,1,.,.,.,,
BENZODIAZEPINE,3,.,41,16,22,20,25,32,30,32,31,52,28,38,16,37,30,48,39,33,11,,
BENZODIAZEPINES,.,21,.,.,.,.,.,.,.,.,.,.,.,.,.,.,1,.,3,.,.,,
BENZOYLECGONINE,.,.,.,.,.,.,2,1,.,.,.,.,.,.,.,.,.,1,2,.,.,,
BENZOYLECOGNINE,.,.,.,.,.,2,.,.,.,1,.,.,1,1,1,.,.,.,.,.,.,,
BENZYLPIPERAZINE,.,.,.,.,.,.,.,.,.,.,.,.,.,.,.,.,.,.,1,.,.,,
BETA_HYDROXYBUTYRATE,.,.,.,.,.,.,.,.,.,.,.,.,.,.,.,.,.,1,.,.,.,,
BISOPROLOL,.,.,.,.,.,.,.,.,.,.,.,.,.,.,.,.,.,1,.,.,.,,
BROMAZEPAM,.,.,.,.,.,.,.,.,.,.,.,.,.,.,1,.,.,1,1,1,.,,
BUPIVACAINE,.,.,.,.,.,.,.,.,.,.,.,1,.,.,.,.,.,.,.,.,.,,
BUPRENORPHINE,.,.,.,.,.,.,.,2,.,2,4,10,8,11,29,25,39,36,89,82,97,,
BUSCOPAN,.,.,.,.,.,.,.,.,.,.,.,.,1,.,.,.,.,.,.,.,.,,
BUTANE,.,1,.,.,.,1,.,1,.,2,.,5,.,1,2,3,2,1,2,1,1,,
BUTOBARBITAL,.,.,.,.,.,.,.,.,.,1,.,.,.,.,.,.,.,.,.,.,.,,
BZP,.,.,.,.,.,.,.,.,.,1,2,2,2,7,1,1,.,.,.,.,.,,
CAFFEINE,.,.,.,.,.,.,.,.,.,.,.,.,.,1,.,.,.,.,.,.,.,,
CANNABINOIDS,1,.,.,.,.,.,.,.,.,.,.,.,.,.,.,.,.,.,.,.,.,,
CANNABINOL,1,.,.,.,.,.,.,.,.,.,.,.,.,.,.,.,.,.,.,.,.,,
CANNABIS,22,23,35,20,5,6,3,7,1,.,.,.,.,.,1,7,2,2,2,4,2,,
CARBAMAZEPINE,3,6,7,4,1,1,2,.,3,2,1,2,.,.,1,1,1,1,1,.,.,,
CARISOPRODOL,.,.,.,.,.,.,.,.,.,.,.,.,.,.,.,.,.,.,.,.,1,,
CATHINONE,.,.,.,.,.,.,.,.,.,.,.,1,.,.,.,.,.,.,.,.,.,,
CELECOXIB,.,.,.,.,.,.,.,.,.,.,.,.,.,.,.,.,.,.,1,.,.,,
CHLORAL_BETAINE,.,.,.,.,.,.,.,.,.,.,.,.,.,1,.,.,.,.,.,.,.,,
CHLORAL_HYDRATE,1,2,2,2,.,.,.,.,.,.,.,.,.,.,.,.,.,.,.,.,.,,
CHLORDIAZEPOXIDE,7,5,5,2,3,1,3,.,1,1,1,1,1,2,.,.,.,2,3,2,.,,
CHLOROMETHCATHINONE,.,.,.,.,.,.,.,.,.,.,.,.,.,.,.,1,.,.,.,.,.,,
CHLOROQUINE,.,.,.,.,.,.,.,.,.,.,.,.,.,1,1,.,.,.,.,.,.,,
CHLORPHENIRAMINE,1,.,1,.,.,1,.,1,.,.,.,1,.,2,2,2,.,1,3,1,2,,
CHLORPROMAZINE,.,1,1,2,1,2,1,2,1,1,1,1,1,4,2,1,4,1,1,2,1,,
CINCHOCAINE,.,.,.,.,.,.,.,.,.,.,.,.,.,1,.,.,.,.,.,.,.,,
CIPRAMIL,.,1,.,.,.,.,.,.,.,.,.,.,.,.,.,.,.,.,.,.,.,,
CITALOPRAM,1,4,5,8,4,4,6,13,10,10,9,11,10,7,9,12,7,5,5,10,9,,
CLOBAZAM,.,.,.,.,.,.,.,.,1,.,.,.,.,.,.,.,.,1,.,.,.,,
CLOMIPRAMINE,.,.,.,.,.,.,1,.,1,.,.,.,.,2,1,1,1,1,.,.,.,,
CLONAZEPAM,.,.,.,.,.,.,.,.,.,.,.,.,.,.,.,.,.,.,.,.,6,,
CLONAZOLAM,.,.,.,.,.,.,.,.,.,.,.,.,.,.,.,.,.,.,.,.,1,,
CLOXAZOLAM,.,.,.,.,.,.,.,.,.,.,.,.,.,.,.,.,3,3,5,3,.,,
CLOZAPINE,1,.,.,1,1,.,1,1,4,1,1,1,2,.,3,1,1,2,.,2,.,,
CO-CODAMOL,1,1,1,2,2,.,1,.,.,2,.,2,2,.,3,4,6,3,2,2,7,,
CO-DYDRAMOL,.,.,1,.,.,.,.,.,.,.,.,2,.,1,.,.,.,.,.,.,.,,
CO-PROXAMOL,5,7,2,3,2,.,2,.,1,.,.,.,.,1,.,.,.,.,.,.,.,,
COCAINE,4,19,31,29,38,44,33,47,36,32,33,36,30,45,44,93,123,176,273,372,459,,
CODEINE,17,8,10,18,23,12,24,15,24,31,11,31,32,33,35,28,40,25,55,55,46,,
CYCLIZINE,1,1,1,.,.,1,.,2,1,1,1,1,2,5,.,2,6,3,1,6,1,,
DELORAZEPAM,.,.,.,.,.,.,.,.,.,.,.,.,.,.,.,1,19,13,29,11,2,,
DESIPRAMINE,.,.,1,.,.,.,1,.,1,.,1,.,.,.,.,.,.,.,2,.,.,,
DESMETHYLDIAZEPAM,3,1,4,2,.,4,13,2,.,.,.,.,.,.,.,.,.,.,.,.,.,,
DEXTROMORAMIDE,.,1,1,.,.,.,.,.,.,.,.,.,.,.,.,.,.,.,.,.,.,,
DEXTROPROPOXYPHENE,4,5,2,.,1,1,.,.,.,.,.,.,.,.,.,1,.,.,.,.,.,,
DIAMORPHINE,28,37,49,18,45,22,31,33,27,35,11,11,.,2,2,3,3,1,.,.,.,,
DIAZEPAM,142,156,214,153,113,90,77,78,115,116,93,123,160,106,84,121,154,205,211,188,194,,
DIAZEPINE,.,.,.,.,.,.,.,.,.,.,.,.,.,.,.,.,.,.,1,.,.,,
DICLAZEPAM,.,.,.,.,.,.,.,.,.,.,.,.,.,1,6,8,72,25,31,12,6,,
DICONAL,.,1,1,.,.,.,1,1,.,.,.,.,1,.,.,.,.,.,.,.,.,,
DIGOXIN,.,.,.,.,.,.,.,.,1,.,.,.,.,.,.,.,.,.,.,.,.,,
DIHYDROCODEINE,32,51,55,51,41,49,42,50,67,64,58,84,84,81,69,94,114,97,133,118,151,,
DILTIAZEM,.,.,.,.,.,.,1,.,1,.,.,.,.,.,.,.,.,1,.,.,.,,
DIMETHYL_ETHER,.,.,.,.,.,.,.,.,.,.,.,.,.,.,1,.,.,.,.,.,.,,
DIPHENHYDRAMINE,.,.,2,.,.,.,.,2,2,.,1,2,1,1,1,5,6,4,3,1,4,,
DIPHENIDINE,.,.,.,.,.,.,.,.,.,.,.,.,.,.,.,.,.,.,.,1,.,,
DIPIPANONE,.,2,.,.,1,.,1,2,1,1,1,1,1,2,1,.,2,.,.,.,.,,
DISULFIRAM,.,.,.,.,.,.,.,.,.,.,.,.,.,.,.,.,.,.,.,.,1,,
DOSULEPIN,.,.,.,.,.,.,.,.,.,.,1,.,.,.,2,.,1,1,.,.,.,,
DOTHIEPIN,3,1,2,4,1,.,5,4,2,.,1,1,3,2,2,1,2,.,.,.,.,,
DOXEPIN,.,1,1,.,1,.,1,.,1,.,1,1,.,.,.,.,.,.,.,1,.,,
DULOXETINE,.,.,.,.,.,.,.,.,.,.,1,2,.,.,1,.,1,3,.,.,.,,
ECGONINE_METHYL_ESTER,.,.,.,.,.,.,.,.,.,.,.,.,.,1,.,.,.,.,.,.,.,,
ECSTASY,10,15,12,9,15,9,10,8,3,1,.,6,8,8,5,10,9,9,7,1,11,,
EPHEDRINE,.,1,.,.,.,.,.,.,.,.,.,.,.,.,.,.,.,.,.,.,.,,
ETHANOL,.,.,.,.,.,.,.,.,.,.,.,2,4,.,1,.,2,2,2,2,.,,
ETHYLENE,.,.,.,.,.,.,.,.,.,.,.,.,.,.,.,.,1,.,.,.,.,,
ETHYLENE_GLYCOL,.,.,.,.,.,.,.,.,.,.,.,.,.,.,.,.,.,1,.,.,.,,
ETHYLPHENIDATE,.,.,.,.,.,.,.,.,.,.,.,.,.,1,5,5,.,.,.,.,.,,
ETIZOLAM,.,.,.,.,.,.,.,.,.,.,.,.,1,8,34,43,223,299,548,754,806,,
EVE,.,.,.,1,.,.,.,.,.,.,.,.,.,.,.,.,.,.,.,.,.,,
FENTANYL,.,.,.,.,.,.,.,.,1,1,1,4,7,4,4,3,7,15,12,25,7,,
FLUALPRAZOLAM,.,.,.,.,.,.,.,.,.,.,.,.,.,.,.,.,.,.,.,22,36,,
FLUBROMAZEPAM,.,.,.,.,.,.,.,.,.,.,.,.,.,.,.,2,2,8,.,3,1,,
FLUBROMAZOLAM,.,.,.,.,.,.,.,.,.,.,.,.,.,.,.,1,.,.,1,4,43,,
FLUOXETINE,4,3,3,1,8,6,5,2,2,4,6,3,7,5,8,8,12,12,12,6,2,,
GABAPENTIN,.,.,.,.,.,.,.,.,2,2,2,7,20,48,65,100,152,142,194,197,216,,
GAMMA_HYDROXYBUTYRATE,.,2,2,.,.,.,.,1,.,3,5,.,3,1,2,4,1,.,2,1,.,,
GLICLAZIDE,.,.,.,.,.,.,.,.,.,.,.,.,.,.,.,.,.,.,.,1,.,,
HALOPERIDOL,.,.,.,.,.,.,.,.,.,.,.,.,.,.,1,1,.,.,.,.,.,,
HELIUM,.,.,.,.,.,.,.,.,.,.,.,.,.,.,.,.,.,.,1,1,.,,
HEROIN,128,160,179,122,165,139,213,231,261,270,193,147,135,143,219,238,326,314,375,427,394,,
HYDROCODONE,.,.,.,.,.,.,.,.,.,1,.,.,.,1,2,1,2,2,2,1,10,,
HYDROMORPHONE,.,.,.,.,.,.,.,.,.,.,.,1,.,.,.,.,.,.,.,.,.,,
HYDROXYCHLOROQUINE,.,.,.,.,.,.,.,.,.,.,.,.,.,.,.,.,1,.,.,.,.,,
IBUPROFEN,.,.,1,.,.,1,2,.,.,.,.,.,.,.,1,.,.,.,.,.,1,,
IMIPRAMINE,2,1,1,.,1,.,.,.,1,1,1,.,.,.,.,.,.,.,3,.,.,,
INSULIN,1,.,.,.,.,.,.,.,1,1,.,.,.,.,.,1,1,.,1,1,1,,
ISOBUTANE,.,.,.,.,.,1,.,.,.,.,.,1,.,.,1,2,1,1,2,.,.,,
ISOFLURANE,1,.,.,.,.,.,.,.,.,.,.,.,.,.,.,1,.,.,.,.,.,,
IVERMECTIN,.,.,.,.,.,.,.,.,.,.,.,.,.,.,.,.,1,.,.,.,.,,
KETAMINE,.,.,.,.,.,.,.,1,.,4,2,2,1,.,1,1,1,2,5,7,7,,
LAMOTRIGINE,.,.,.,1,.,.,.,.,1,.,.,.,1,.,.,3,1,2,1,.,1,,
LANSOPRAZOLE,1,.,.,.,.,.,.,.,.,.,.,.,.,.,.,.,.,.,.,.,.,,
LEVAMISOLE,.,.,.,.,.,.,.,.,.,.,.,.,.,.,.,.,.,.,.,1,.,,
LEVOMEPROMAZINE,.,.,.,.,.,.,.,.,.,.,.,.,.,.,.,2,.,.,.,.,.,,
LIBRIUM,1,.,.,.,.,.,.,.,.,.,.,.,.,.,.,.,.,.,.,.,.,,
LIGHTER_FUEL,.,.,.,.,.,.,.,1,.,.,.,.,.,.,.,.,.,.,.,.,.,,
LIGNOCAINE,1,.,.,.,1,.,.,2,4,1,3,.,2,2,.,.,.,1,.,1,1,,
LITHIUM,.,.,.,.,1,1,.,.,.,.,.,.,.,.,.,.,.,.,.,.,.,,
LOFEXIDINE,.,.,.,.,.,.,.,.,.,.,.,.,.,.,.,.,.,.,1,.,.,,
LOPRAZOLAM,.,.,.,.,.,.,.,.,1,.,.,.,.,.,.,.,.,.,.,.,.,,
LORAZEPAM,.,.,.,.,.,.,.,.,1,.,.,.,1,1,.,6,11,8,14,8,3,,
LORMETAZEPAM,.,.,.,.,.,.,.,.,.,.,.,.,.,.,.,.,.,.,1,1,.,,
LSD,.,.,.,.,.,.,.,.,.,.,.,.,.,.,.,.,.,1,1,.,.,,
MDA,2,4,1,.,.,.,.,.,.,.,.,.,.,.,.,1,2,4,5,1,2,,
MDEA,.,.,.,.,1,.,.,.,.,.,.,.,1,.,.,.,.,.,.,.,.,,
MDMA,3,11,12,8,12,6,4,4,4,2,.,8,7,17,13,13,26,25,34,24,39,,
MDPV,.,.,.,.,.,.,.,.,.,.,.,1,.,2,.,1,.,.,.,.,.,,
MEPHEDRONE,.,.,.,.,.,.,.,.,.,1,4,1,2,1,3,2,.,.,.,1,1,,
MEPROBAMATE,.,.,.,.,.,.,.,.,.,.,.,.,.,.,.,.,.,.,.,.,1,,
MEPTAZINOL,.,.,.,.,1,.,.,.,.,.,1,.,.,.,.,.,.,.,.,.,1,,
METHADONE,55,69,98,87,80,71,96,114,169,173,174,275,237,216,214,251,362,439,560,567,708,,
METHAMPHETAMINE,.,.,.,.,.,.,.,.,.,.,.,.,.,.,.,.,1,.,.,.,4,,
METHIOPROPAMINE,.,.,.,.,.,.,.,.,.,.,.,.,2,2,2,3,.,.,.,.,.,,
METHOCARBAMOL,.,.,.,.,.,.,.,.,.,.,.,1,.,.,.,.,.,.,.,.,.,,
METHYLAMPHETAMINE,.,1,.,.,.,.,.,.,.,.,.,.,.,.,.,.,.,.,.,.,.,,
METHYLENEDIOXYMETHYLAMPHETAMINE,1,1,.,.,.,.,.,.,.,.,.,.,.,.,.,.,.,.,.,.,.,,
METHYLETHCATHINONE,.,.,.,.,.,.,.,.,.,.,.,1,1,1,.,.,.,.,.,.,.,,
METHYLONE,.,.,.,.,.,.,.,.,.,.,.,.,.,1,1,.,.,.,.,.,.,,
METHYLPHENIDATE,.,.,.,.,.,.,.,.,.,.,.,.,.,.,.,.,1,.,.,.,1,,
METOCLOPRAMIDE,.,.,1,.,.,.,.,.,1,.,.,.,.,.,.,1,.,1,1,.,.,,
MEXEDRONE,.,.,.,.,.,.,.,.,.,.,.,.,.,.,.,1,1,.,.,.,.,,
MIDAZOLAM,1,.,.,.,.,.,.,.,.,1,.,2,2,.,.,.,.,.,.,.,.,,
MIRTAZAPINE,2,.,.,1,2,1,4,4,5,8,6,10,18,20,19,35,35,59,52,37,52,,
MITRAGYNINE,.,.,.,.,.,.,.,.,.,.,.,.,.,.,.,1,1,.,1,.,.,,
MOCLOBEMIDE,.,.,.,.,.,.,.,.,.,.,.,.,1,.,.,.,2,.,.,.,.,,
MODAFINIL,.,.,.,.,.,.,.,.,.,.,.,.,.,.,.,.,.,1,.,.,.,,
MORPHINE,170,178,194,145,130,87,96,104,93,93,98,79,102,85,116,140,195,199,210,272,242,,
MORPHINE_SULPHATE,1,.,.,.,.,.,.,.,.,.,.,.,.,.,.,.,1,.,.,.,1,,
MPA,.,.,.,.,.,.,.,.,.,.,.,.,.,.,2,.,.,.,.,.,.,,
MST,.,.,.,.,.,.,.,.,.,.,.,.,.,.,.,.,.,.,.,1,.,,
MXP,.,.,.,.,.,.,.,.,.,.,.,.,.,.,1,.,2,.,.,.,.,,
NAPHYRONE,.,.,.,.,.,.,.,.,.,.,1,.,.,.,.,.,.,.,.,.,.,,
NARCOTIC,.,1,1,.,2,1,.,1,7,1,.,.,.,.,.,.,1,1,.,.,.,,
NEFOPAM,.,.,.,.,.,.,.,.,1,.,.,2,1,.,.,1,1,1,.,.,1,,
NITRAZEPAM,4,1,.,3,1,.,1,.,.,.,.,.,2,.,.,.,1,2,.,1,4,,
NON-STEROIDAL_ANTI-INFLAMMATORY_DRUGS,.,.,.,1,.,.,.,.,.,.,.,.,.,.,.,.,.,.,.,.,.,,
NORDIAZEPAM,.,.,.,.,.,.,.,.,.,.,.,.,15,1,.,.,.,.,.,.,.,,
NORFLUOXETINE,.,.,1,.,.,.,.,.,.,.,.,.,.,.,.,.,1,1,.,.,.,,
NORPROPOXYPHENE,.,.,.,.,.,1,.,.,.,.,.,.,.,.,.,.,.,.,.,.,.,,
NORTRIPTYLINE,.,1,2,.,.,3,1,2,1,3,1,2,.,.,1,.,.,.,1,1,1,,
OLANZAPINE,.,.,1,.,.,.,2,5,4,3,3,5,12,3,3,10,8,9,15,10,5,,
OPIATE,22,25,45,36,36,30,40,37,22,34,26,29,13,22,16,20,15,23,11,4,5,,
OPIATES,.,.,.,.,.,.,.,.,.,.,.,.,.,.,.,.,.,.,3,.,.,,
OPIOID,.,.,.,.,.,.,.,.,.,.,.,1,1,.,1,.,2,2,3,2,2,,
ORAMORPH,.,.,.,.,.,.,.,.,.,.,.,.,1,.,.,.,2,.,.,.,.,,
ORPHENADRINE,1,1,.,.,.,.,.,.,.,.,.,1,.,.,.,.,.,.,.,.,.,,
OXAZEPAM,3,1,6,5,2,1,2,1,.,.,.,2,.,1,1,3,4,5,3,.,.,,
OXCARBAZEPINE,.,.,.,.,.,.,.,.,.,.,.,.,1,.,.,.,.,.,.,.,.,,
OXYCODONE,.,.,.,.,.,1,.,1,8,6,3,12,11,9,7,12,17,20,19,36,31,,
OXYCONTIN,.,.,.,.,.,.,.,1,.,.,.,.,.,.,.,.,.,.,.,.,.,,
PARACETAMOL,24,11,16,11,17,2,2,1,7,3,1,5,2,5,7,12,9,19,23,21,6,,
PAROXETINE,.,2,2,2,2,.,.,1,1,1,.,.,2,.,2,1,.,2,1,2,2,,
PENTAZOCINE,.,.,.,.,.,.,.,.,.,.,.,.,.,.,.,.,1,.,.,.,.,,
PENTOBARBITAL,.,.,.,.,.,.,.,.,.,1,.,.,.,.,1,.,.,.,.,.,.,,
PENTOBARBITONE,.,.,.,1,.,.,.,.,.,1,.,1,3,1,6,.,4,.,2,2,1,,
PETHIDINE,.,.,2,.,.,.,.,.,1,.,.,.,.,.,.,.,.,1,1,.,.,,
PHENACETIN,.,.,.,.,.,1,.,.,.,.,.,.,.,.,.,.,.,.,.,.,.,,
PHENAZEPAM,.,.,.,.,.,.,.,.,.,.,.,13,19,34,6,6,6,30,27,24,43,,
PHENELZINE,.,.,1,.,.,.,.,.,.,.,.,.,.,.,.,.,.,.,.,.,.,,
PHENOBARBITONE,.,.,.,2,.,.,2,.,2,.,1,.,1,.,.,.,.,2,1,.,.,,
PHENYTOIN,1,.,1,.,1,1,.,.,.,.,.,.,.,.,.,.,1,.,.,.,.,,
PMA,.,.,.,.,.,.,.,.,.,.,.,.,.,8,1,2,2,.,1,.,.,,
PMMA,.,.,.,.,.,.,.,.,.,.,.,6,.,3,.,1,2,.,.,.,.,,
POTASSIUM,.,.,.,.,.,.,.,.,.,.,.,.,.,.,1,.,.,.,.,.,.,,
PREGABALIN,.,.,.,.,.,.,.,.,.,.,1,1,5,9,23,40,69,120,211,280,333,,
PRIMIDONE,.,.,.,.,.,.,.,.,.,.,.,.,1,.,.,.,.,.,.,.,.,,
PROCYCLIDINE,1,1,.,1,1,1,.,.,1,.,1,1,.,1,1,.,2,.,2,2,.,,
PROMETHAZINE,.,2,.,4,2,1,.,1,2,2,2,1,2,3,7,5,2,6,.,5,6,,
PROPANE,.,.,.,.,.,1,.,.,.,.,.,2,.,.,2,2,2,1,2,1,1,,
PROPOFOL,1,.,.,.,.,.,.,.,.,.,.,.,.,.,.,.,.,.,.,.,.,,
PROPOXYPHENE,4,2,9,3,6,.,.,.,1,.,.,.,.,.,1,.,.,.,.,.,.,,
PROPRANOLOL,.,1,1,.,.,.,1,1,1,3,3,.,4,3,9,6,6,9,13,9,8,,
PROTHIADEN,1,2,2,.,.,.,.,.,.,.,.,.,.,.,.,.,.,.,.,.,.,,
PVP,.,.,.,.,.,.,.,.,.,.,.,.,.,.,.,1,.,.,.,.,.,,
PYRAZOLAM,.,.,.,.,.,.,.,.,.,.,.,.,.,.,1,.,2,1,.,.,.,,
QUETIAPINE,.,1,.,.,.,.,1,1,.,2,1,6,7,4,6,12,5,11,4,10,6,,
QUINALBARBITONE,.,1,.,.,.,1,.,.,1,.,.,.,.,.,.,.,.,.,.,.,.,,
QUININE,.,1,.,.,.,.,.,.,.,.,.,.,.,1,.,.,.,1,.,.,.,,
RAMIPRIL,.,.,.,.,.,.,.,.,.,.,.,.,.,.,.,.,1,.,.,.,.,,
REMIFENTANIL,1,.,.,.,.,.,.,.,.,.,.,.,.,.,.,.,.,.,.,.,.,,
RISPERIDONE,.,.,.,.,.,.,1,1,.,.,.,.,.,.,.,.,.,.,1,.,.,,
ROCURONIUM,.,.,.,.,.,.,.,.,.,.,.,.,.,.,1,.,.,.,.,.,.,,
SALICYLATE,.,.,.,.,.,.,.,.,.,.,.,.,1,.,.,.,.,.,.,.,.,,
SEDATIVE,.,.,.,1,.,1,.,.,.,.,2,2,2,.,3,7,19,21,9,.,.,,
SELEGILINE,.,.,.,.,.,.,.,.,.,.,.,.,.,.,.,1,.,.,.,.,.,,
SERTRALINE,.,.,1,.,.,1,2,1,3,1,1,3,4,4,8,8,12,12,15,8,7,,
SEVREDOL,.,.,.,.,.,.,.,.,.,.,.,1,.,.,.,.,.,.,.,.,.,,
SILDENAFIL,.,.,.,.,.,.,.,.,.,.,.,.,.,.,.,.,.,.,1,.,.,,
SODIUM_VALPROATE,.,1,.,.,.,1,.,.,.,.,.,.,.,.,.,.,.,1,1,.,.,,
SOLPADOL,.,.,.,.,.,.,.,.,.,.,.,.,.,.,.,.,.,1,.,.,.,,
SOLVENT,.,1,.,.,.,.,.,.,.,.,.,.,.,.,.,.,.,.,.,.,.,,
STEROID,.,.,.,.,.,.,.,1,.,.,.,.,.,.,.,.,.,.,.,.,.,,
SULPIRIDE,.,.,.,.,.,.,.,.,.,.,.,.,.,.,.,.,.,.,.,.,1,,
TAPENTADOL,.,.,.,.,.,.,.,.,.,.,.,.,.,.,.,.,.,.,1,2,1,,
TEMAZEPAM,39,20,16,35,5,7,9,4,7,9,3,8,6,4,4,8,8,7,6,4,8,,
TFMPP,.,.,.,.,.,.,.,.,.,1,2,3,1,2,.,.,.,.,.,.,.,,
THEOPHYLLINE,.,.,.,.,.,.,.,.,.,.,.,.,.,.,.,1,.,.,.,.,.,,
THIOPENTAL,.,.,.,.,.,.,.,.,.,.,.,.,.,.,.,.,.,.,1,.,.,,
THIORIDAZINE,5,1,.,.,.,.,.,.,.,.,.,.,.,.,.,.,.,.,.,.,.,,
THYROXINE,.,1,.,.,.,.,.,.,.,.,.,.,.,.,.,.,.,.,.,.,.,,
TRAMADOL,1,3,4,3,3,7,8,9,17,20,23,22,31,37,35,53,63,60,56,53,68,,
TRAZODONE,.,.,.,1,.,1,.,1,2,3,2,5,2,3,2,4,2,1,4,2,1,,
TRICHLOROETHANOL,.,1,1,.,.,.,.,.,.,.,.,.,.,.,.,.,.,.,.,.,.,,
TRICYCLIC,.,1,.,.,.,.,.,.,.,.,.,.,.,.,.,.,.,.,.,.,.,,
TRIMIPRAMINE,.,.,.,.,.,.,.,1,1,.,.,.,.,.,.,.,.,.,.,.,.,,
TYLEX,.,.,.,.,1,.,.,.,.,.,.,.,.,.,.,.,.,.,.,.,.,,
UNSPECIFIED_DRUG,10,9,12,3,7,14,23,17,15,4,5,6,13,2,8,11,11,13,16,17,4,,
UNSPECIFIED_SOLVENT,.,.,.,.,.,.,.,.,.,.,.,.,1,.,1,.,2,1,3,2,.,,
VALIUM,4,.,.,.,.,.,.,.,.,.,.,.,.,.,.,.,.,.,.,.,.,,
VALPROATE,.,.,.,1,.,.,.,.,.,.,.,.,.,.,.,.,.,.,.,.,.,,
VALPROIC_ACID,.,.,.,.,.,1,.,.,.,1,1,.,.,.,.,2,1,.,.,1,.,,
VENLAFAXINE,2,3,2,.,2,2,1,1,1,2,4,5,4,3,5,8,4,8,16,15,6,,
VERAPAMIL,.,.,.,.,.,.,.,.,2,.,1,.,.,.,.,1,1,.,.,.,1,,
VERCURONIUM,.,.,.,.,.,.,.,.,.,.,.,.,.,.,.,.,.,.,1,.,.,,
VOLATILE_SUBSTANCE,.,.,.,.,.,.,.,.,.,.,.,.,.,.,.,.,.,.,.,.,1,,
ZOLPIDEM,.,1,.,2,.,.,.,.,2,.,.,4,.,1,1,1,.,2,.,1,2,,
ZOPICLONE,.,.,1,2,1,3,1,.,3,3,5,4,9,15,9,20,22,29,24,20,26,,
ZUCLOPENTHIXOL,.,.,.,.,.,.,.,.,.,.,.,.,1,.,1,.,1,.,.,.,.,,
,,,,,,,,,,,,,,,,,,,,,,,
,,,,,,,,,,,,,,,,,,,,,,,
,,,,,,,,,,,,,,,,,,,,,,,
List 2: drugs or substances which were present in the body but which were NOT considered to have had any direct contribution to the death,,,,,,,,,,,,,,,,,,,,,,,
,,,,,,,,,,,,,,,,,,,,,,,
,,,,,,,,,Year in which death was registered,,,,,,,,,,,,,,
,,,,,,,,,2008,2009,2010,2011,2012,2013,2014,2015,2016,2017,2018,2019,2020,,
,,,,,,,,,,,,,,,,,,,,,,,
Total number of drug-related deaths,,,,,,,,,574,545,485,584,581,527,614,706,868,934,1187,1280,1339,,
,,,,,,,,,,,,,,,,,,,,,,,
Drug / substance name,,,,,,,,,,,,,,,,,,,,,,,
4F-MDMB-BINACA,,,,,,,,,.,.,.,.,.,.,.,.,.,.,.,1,.,,
6-MAM,,,,,,,,,.,.,.,.,.,.,.,.,.,.,.,.,1,,
6MAM,,,,,,,,,.,.,.,.,.,1,.,.,.,.,.,.,.,,
6_MAM,,,,,,,,,.,.,.,.,.,.,.,.,.,.,1,.,.,,
7-AMINOCLONAZEPAM,,,,,,,,,.,.,.,.,.,.,.,.,.,.,.,1,.,,
7-AMINONITRAZEPAM,,,,,,,,,.,.,.,.,.,.,.,.,.,.,.,.,4,,
8_AMINOCLONAZOLAM,,,,,,,,,.,.,.,.,.,.,.,.,.,.,.,.,1,,
9-HYDROXYRISPERIDONE,,,,,,,,,.,.,.,.,.,.,.,.,.,.,1,.,.,,
AB-FUBINACA,,,,,,,,,.,.,.,.,.,.,.,.,.,.,1,.,.,,
ACETONE,,,,,,,,,.,.,.,.,.,.,.,1,.,.,.,.,.,,
ALCOHOL,,,,,,,,,106,112,92,112,130,118,131,151,218,232,289,328,258,,
ALFENTANIL,,,,,,,,,.,.,.,.,.,.,.,.,.,.,.,2,1,,
ALPRAZOLAM,,,,,,,,,.,1,.,2,1,.,.,.,6,10,9,9,3,,
AMFETAMINE,,,,,,,,,.,.,.,.,.,.,.,.,1,.,.,.,1,,
AMIODARONE,,,,,,,,,.,.,.,.,.,.,.,1,.,.,.,.,.,,
AMISULPRIDE,,,,,,,,,1,.,.,1,.,1,1,1,2,1,1,2,.,,
AMITRIPTYLINE,,,,,,,,,7,13,18,22,26,27,35,55,54,65,79,98,92,,
AMLODIPINE,,,,,,,,,1,.,.,.,.,2,1,2,2,1,3,2,.,,
AMPHETAMINE,,,,,,,,,2,10,6,11,7,9,8,7,4,5,10,9,2,,
APB,,,,,,,,,.,.,.,.,1,.,.,.,.,.,.,.,.,,
ARIPIPRAZOLE,,,,,,,,,.,.,.,.,.,1,.,.,.,.,1,.,1,,
ATENOLOL,,,,,,,,,.,1,.,.,.,1,3,5,2,1,4,.,.,,
ATROPINE,,,,,,,,,.,.,1,1,.,.,.,.,1,.,.,.,.,,
BACLOFEN,,,,,,,,,.,.,.,.,.,.,.,.,.,1,2,1,5,,
BENZOCAINE,,,,,,,,,.,.,.,.,1,.,1,.,.,.,.,.,.,,
BENZODIAZEPINE,,,,,,,,,13,10,4,3,4,4,5,4,6,1,4,3,4,,
BENZOYLECGONINE,,,,,,,,,.,.,.,.,.,1,1,.,2,4,2,7,4,,
BENZOYLECOGNINE,,,,,,,,,3,3,.,.,.,4,1,1,.,.,1,.,.,,
BETA_HYDROXYBUTYRATE,,,,,,,,,.,.,.,.,.,.,.,1,.,.,.,.,.,,
BISOPROLOL,,,,,,,,,.,.,.,2,1,.,.,.,.,.,.,.,1,,
BOLDENONE,,,,,,,,,.,.,.,.,.,.,.,.,.,1,.,.,.,,
BUPRENORPHINE,,,,,,,,,1,.,.,2,1,11,10,9,8,8,10,9,15,,
BUTANE,,,,,,,,,1,.,.,1,.,.,.,.,.,.,.,.,.,,
BZP,,,,,,,,,.,1,1,1,1,.,.,.,.,.,.,.,.,,
CAFFEINE,,,,,,,,,.,.,.,2,1,2,.,.,.,.,.,.,1,,
CAMFETAMINE,,,,,,,,,.,.,.,.,.,1,.,.,.,.,.,.,.,,
CANNABIS,,,,,,,,,40,43,43,78,66,85,85,123,195,169,255,225,39,,
CARBAMAZEPINE,,,,,,,,,1,6,2,4,7,4,2,5,4,2,10,3,2,,
CETIRIZINE,,,,,,,,,.,.,.,.,.,.,.,.,.,1,.,.,.,,
CHLORDIAZEPOXIDE,,,,,,,,,14,12,4,4,3,6,8,3,2,2,1,1,5,,
CHLORPHENAMINE,,,,,,,,,.,.,.,.,.,.,.,.,.,.,.,.,1,,
CHLORPHENIRAMINE,,,,,,,,,1,1,2,2,.,.,15,1,4,1,8,7,5,,
CHLORPROMAZINE,,,,,,,,,2,5,.,4,2,5,9,6,13,12,11,16,14,,
CITALOPRAM,,,,,,,,,15,29,24,32,15,25,30,21,26,24,24,21,21,,
CLOBAZAM,,,,,,,,,.,.,.,.,.,.,1,.,1,1,.,.,1,,
CLOMIPRAMINE,,,,,,,,,.,.,2,.,1,1,.,1,1,.,5,.,.,,
CLONAZEPAM,,,,,,,,,.,1,.,.,.,2,.,.,.,.,3,1,7,,
CLONIDINE,,,,,,,,,.,.,.,.,.,.,.,.,.,.,1,.,.,,
CLORAZEPAM,,,,,,,,,.,.,.,.,.,.,.,.,1,.,.,.,.,,
CLOXAZOLAM,,,,,,,,,.,.,.,.,.,.,.,.,1,2,.,.,.,,
CLOZAPINE,,,,,,,,,1,.,.,3,2,.,1,1,2,5,5,1,.,,
CO-CODAMOL,,,,,,,,,1,1,1,1,.,.,.,.,1,.,.,2,.,,
CO-DYDRAMOL,,,,,,,,,.,1,.,.,.,.,.,.,.,.,.,.,.,,
COCAINE,,,,,,,,,41,24,17,19,17,15,15,11,20,24,49,50,55,,
CODEINE,,,,,,,,,10,26,30,24,20,39,39,32,36,41,45,50,60,,
CPP,,,,,,,,,.,.,.,.,1,.,.,.,.,.,.,.,.,,
CYCLIZINE,,,,,,,,,2,1,3,5,4,2,7,7,10,10,18,17,13,,
DELORAZEPAM,,,,,,,,,.,.,.,.,.,.,1,6,7,4,3,4,2,,
DESIPRAMINE,,,,,,,,,.,1,.,.,1,1,.,.,.,2,.,.,.,,
DESMETHYLDIAZEPAM,,,,,,,,,1,.,.,.,.,.,.,.,.,.,.,.,.,,
DESMETHYLIMIPRAMINE,,,,,,,,,.,.,.,.,.,.,.,1,.,.,.,.,.,,
DEXTROPROPOXYPHENE,,,,,,,,,.,.,.,.,1,.,.,.,.,.,.,.,.,,
DIAMORPHINE,,,,,,,,,5,1,.,.,3,.,.,.,.,.,.,.,.,,
DIAZEPAM,,,,,,,,,201,213,195,234,226,208,291,305,211,209,223,200,205,,
DIAZEPINE,,,,,,,,,.,.,.,.,.,.,.,.,.,.,.,.,1,,
DICLAZEPAM,,,,,,,,,.,.,.,.,.,.,2,11,18,3,1,.,.,,
DICLOFENAC,,,,,,,,,.,1,.,.,1,.,1,.,.,.,1,.,.,,
DIHYDROCODEINE,,,,,,,,,17,31,16,19,19,17,15,32,36,43,40,54,55,,
DILTIAZEM,,,,,,,,,.,6,.,.,.,.,.,1,.,.,.,1,1,,
DIPHENHYDRAMINE,,,,,,,,,2,4,.,2,3,4,6,3,2,8,6,8,5,,
DIPIPANONE,,,,,,,,,.,.,.,.,.,1,.,.,.,.,.,.,.,,
DOSULEPIN,,,,,,,,,.,1,.,1,.,.,.,.,.,1,2,3,.,,
DOTHIEPIN,,,,,,,,,1,.,4,2,3,.,2,2,1,.,.,.,1,,
DROSTANOLONE,,,,,,,,,.,.,.,.,.,.,.,.,.,1,.,.,.,,
DULOXETINE,,,,,,,,,.,1,.,.,1,1,4,1,7,8,7,13,4,,
ECGONINE_METHYL_ESTER,,,,,,,,,.,.,.,.,.,.,.,.,.,.,.,2,.,,
ECSTASY,,,,,,,,,2,.,1,.,.,.,1,.,1,.,.,.,1,,
EDDP,,,,,,,,,2,.,.,1,1,3,.,1,.,.,.,.,.,,
EPHEDRINE,,,,,,,,,.,.,.,1,.,.,.,.,.,.,.,.,.,,
ESCITALOPRAM,,,,,,,,,.,1,.,.,.,.,.,.,.,.,.,.,.,,
ETHANOL,,,,,,,,,.,.,.,.,.,.,.,.,.,1,.,.,.,,
ETHYLPHENIDATE,,,,,,,,,.,.,.,.,.,.,5,2,.,.,.,.,.,,
ETIZOLAM,,,,,,,,,.,.,.,.,.,7,38,17,44,23,11,20,31,,
FENTANYL,,,,,,,,,.,.,.,1,1,2,.,.,.,1,.,.,1,,
FLECAINIDE,,,,,,,,,.,.,.,.,.,.,.,.,1,.,.,.,.,,
FLUALPRAZOLAM,,,,,,,,,.,.,.,.,.,.,.,.,.,.,.,.,1,,
FLUBROMAZEPAM,,,,,,,,,.,.,.,.,.,.,1,1,.,.,.,.,.,,
FLUOXETINE,,,,,,,,,9,10,15,13,13,18,24,14,18,25,36,36,16,,
FLUPENTHIXOL,,,,,,,,,.,.,.,.,.,.,1,.,2,3,4,3,1,,
FLUPENTIXOL,,,,,,,,,.,.,.,1,1,.,.,.,1,.,.,.,.,,
FLUPHENAZINE,,,,,,,,,.,.,1,.,.,.,.,.,.,.,.,.,.,,
GABAPENTIN,,,,,,,,,.,1,.,12,31,25,30,74,55,82,84,52,37,,
GAMMA_HYDROXYBUTYRATE,,,,,,,,,1,.,.,.,1,.,.,1,3,5,2,4,.,,
GLICLAZIDE,,,,,,,,,.,.,.,.,.,.,.,.,.,1,1,.,1,,
GLIMEPIRIDE,,,,,,,,,.,.,.,.,.,.,.,.,.,.,.,.,1,,
HALOPERIDOL,,,,,,,,,.,.,.,.,1,.,.,.,4,.,1,.,.,,
HEROIN,,,,,,,,,7,3,4,6,5,5,2,1,2,1,1,3,4,,
HYDROCODONE,,,,,,,,,.,1,1,.,.,.,1,3,2,.,5,.,2,,
HYDROXYCHLOROQUINE,,,,,,,,,.,.,.,.,.,.,.,.,.,1,.,.,.,,
IBUPROFEN,,,,,,,,,1,2,5,3,5,4,2,3,1,6,5,3,3,,
IMIPRAMINE,,,,,,,,,.,2,.,.,.,.,.,.,.,.,1,.,.,,
ISOPROPANOL,,,,,,,,,.,.,.,.,.,.,.,.,.,.,1,.,.,,
KETAMINE,,,,,,,,,.,.,.,.,1,.,.,.,1,4,1,4,5,,
LABETALOL,,,,,,,,,.,.,.,.,.,.,.,.,1,.,.,.,.,,
LAMOTRIGINE,,,,,,,,,.,4,2,1,1,7,1,7,7,4,15,19,7,,
LETROZOLE,,,,,,,,,.,.,.,.,.,.,.,.,.,1,.,.,.,,
LEVAMISOLE,,,,,,,,,.,.,.,.,2,2,2,7,9,.,6,2,.,,
LEVETIRACETAM,,,,,,,,,.,.,.,.,.,.,1,.,5,4,5,11,9,,
LEVOMEPROMAZINE,,,,,,,,,.,.,.,.,.,.,1,.,.,.,.,.,.,,
LIGNOCAINE,,,,,,,,,3,6,4,2,2,5,6,10,9,12,17,13,14,,
LISINOPRIL,,,,,,,,,.,.,.,.,.,.,.,.,.,.,1,.,.,,
LITHIUM,,,,,,,,,.,.,.,.,1,2,.,.,1,.,.,.,.,,
LORAZEPAM,,,,,,,,,.,.,3,.,1,2,4,11,9,9,16,4,8,,
MDA,,,,,,,,,.,.,.,.,.,.,.,.,3,.,.,1,.,,
MDMA,,,,,,,,,.,.,.,.,.,2,.,.,2,2,1,.,.,,
MEPHEDRONE,,,,,,,,,.,.,.,.,.,1,.,1,.,.,.,.,2,,
METFORMIN,,,,,,,,,.,.,.,.,.,.,1,1,.,1,1,.,3,,
METHADONE,,,,,,,,,12,15,8,15,16,20,13,21,13,10,17,18,7,,
METHAMPHETAMINE,,,,,,,,,.,.,.,.,.,1,.,.,.,.,.,.,.,,
METHANDIENONE,,,,,,,,,.,.,.,.,.,.,.,.,.,1,.,.,.,,
METHAQUALONE,,,,,,,,,.,.,.,.,.,.,.,2,.,.,.,.,.,,
METHIOPROPAMINE,,,,,,,,,.,.,.,.,1,.,.,2,.,.,.,.,.,,
METHYLETHCATHINONE,,,,,,,,,.,.,.,.,.,.,.,1,.,.,.,.,.,,
METOCLOPRAMIDE,,,,,,,,,.,1,.,.,2,2,.,1,.,1,7,6,.,,
METOCLOPRAMINE,,,,,,,,,.,.,.,.,.,.,.,.,.,.,1,.,.,,
METOPROLOL,,,,,,,,,.,.,.,.,.,.,.,.,.,.,1,.,.,,
MIDAZOLAM,,,,,,,,,.,.,.,.,.,1,1,3,.,.,5,5,6,,
MIRTAZAPINE,,,,,,,,,11,16,29,61,62,62,106,116,147,168,233,231,289,,
MOCLOBEMIDE,,,,,,,,,.,.,.,.,.,.,.,.,.,1,.,.,.,,
MONOACEYTLMORPHINE,,,,,,,,,.,.,.,.,.,.,.,.,.,.,.,1,.,,
MORPHINE,,,,,,,,,9,14,11,14,17,10,11,11,9,14,24,25,34,,
MPA,,,,,,,,,.,.,.,.,.,1,4,1,.,.,.,.,.,,
NALOXONE,,,,,,,,,.,.,.,1,2,1,4,3,3,1,3,2,4,,
NANDROLONE,,,,,,,,,.,.,.,.,.,.,.,.,.,1,.,.,.,,
NAPROXEN,,,,,,,,,.,.,1,.,2,4,2,3,8,9,11,2,3,,
NARCOTIC,,,,,,,,,1,.,.,.,.,.,.,.,.,.,.,.,.,,
NEFOPAM,,,,,,,,,.,.,.,.,.,.,.,1,1,4,.,3,2,,
NITRAZEPAM,,,,,,,,,.,.,.,1,1,2,3,4,3,.,3,3,13,,
NON-STEROIDAL_ANTI-INFLAMMATORY_DRUGS,,,,,,,,,.,.,.,.,.,1,.,.,.,.,.,.,.,,
NORDIAZEPAM,,,,,,,,,.,.,.,.,1,2,.,.,.,.,.,.,.,,
NORFLUOXETINE,,,,,,,,,1,.,.,.,.,.,.,1,1,2,2,1,.,,
NORTRIPTYLINE,,,,,,,,,2,.,3,.,3,2,.,3,.,.,2,2,1,,
NOSCAPINE,,,,,,,,,.,2,.,.,1,2,.,.,.,.,.,.,.,,
OLANZAPINE,,,,,,,,,6,9,15,13,7,13,24,26,29,35,46,52,27,,
OMEPRAZOLE,,,,,,,,,.,.,.,1,.,.,.,.,.,.,.,.,.,,
ONDANSETRON,,,,,,,,,.,1,.,.,.,.,.,.,.,.,.,.,.,,
OPIATE,,,,,,,,,.,.,2,.,2,1,1,.,.,.,.,.,.,,
OXAZEPAM,,,,,,,,,1,.,2,7,1,.,1,1,3,4,3,1,1,,
OXYCODONE,,,,,,,,,.,.,.,.,.,1,1,4,1,1,2,5,5,,
OXYMETHOLONE,,,,,,,,,.,.,.,.,.,.,.,.,.,1,.,.,.,,
PALIPERIDONE,,,,,,,,,.,.,.,.,.,.,.,.,.,2,.,.,.,,
PAPAVERINE,,,,,,,,,.,.,.,.,.,1,.,.,.,.,.,.,.,,
PARACETAMOL,,,,,,,,,15,24,40,60,67,48,59,85,81,102,128,151,145,,
PAROXETINE,,,,,,,,,.,2,1,.,2,3,1,2,2,4,4,3,1,,
PETHIDINE,,,,,,,,,.,.,.,.,.,.,.,.,.,.,.,1,.,,
PHENAZEPAM,,,,,,,,,.,.,.,18,12,46,4,2,1,1,1,.,6,,
PHENETHAZINE,,,,,,,,,.,.,.,1,.,.,.,.,1,.,.,.,.,,
PHENOBARBITONE,,,,,,,,,.,.,.,.,.,.,1,.,.,.,.,.,.,,
PHENYTOIN,,,,,,,,,3,4,2,4,.,2,1,.,3,1,2,.,.,,
PHOLCODINE,,,,,,,,,.,.,.,.,.,.,.,.,.,.,1,.,.,,
PREGABALIN,,,,,,,,,.,.,.,.,4,15,20,41,61,97,153,134,113,,
PROCHLORPERAZINE,,,,,,,,,.,.,.,.,.,.,.,1,.,1,.,.,1,,
PROCYCLIDINE,,,,,,,,,1,3,4,4,3,2,4,2,5,6,4,9,11,,
PROMAZINE,,,,,,,,,.,.,.,.,2,.,1,.,.,.,1,.,.,,
PROMETHAZINE,,,,,,,,,.,4,1,3,1,9,5,4,7,6,21,19,33,,
PROPOFOL,,,,,,,,,.,.,.,.,1,.,.,.,.,.,.,.,.,,
PROPOXYPHENE,,,,,,,,,1,1,.,1,.,.,.,.,.,.,.,.,.,,
PROPRANOLOL,,,,,,,,,1,1,.,1,1,8,3,6,9,9,20,20,6,,
PSILOCIN,,,,,,,,,.,.,.,.,.,1,.,.,1,.,.,.,1,,
PYRAZOLAM,,,,,,,,,.,.,.,.,.,.,.,2,.,2,.,.,.,,
QUETIAPINE,,,,,,,,,4,3,8,14,9,9,16,29,23,24,44,41,25,,
QUININE,,,,,,,,,.,3,3,2,.,.,1,3,4,1,10,7,3,,
RISPERIDONE,,,,,,,,,.,2,2,2,1,2,2,2,3,4,6,6,1,,
RIVAROXABAN,,,,,,,,,.,.,.,.,.,.,.,.,.,.,1,.,.,,
SALBUTAMOL,,,,,,,,,.,1,.,.,.,.,1,3,4,1,2,2,6,,
SALICYLATE,,,,,,,,,.,.,.,.,.,.,.,.,.,.,.,.,1,,
SERTRALINE,,,,,,,,,1,3,1,11,5,7,12,19,41,49,68,58,71,,
SILDENAFIL,,,,,,,,,.,1,.,.,.,1,.,2,.,2,2,3,.,,
SODIUM_VALPROATE,,,,,,,,,.,.,.,.,.,.,.,1,1,.,7,4,2,,
STANOZOLOL,,,,,,,,,.,.,.,.,.,.,.,.,.,1,.,.,.,,
STEROID,,,,,,,,,.,.,.,1,.,.,.,.,.,1,.,.,.,,
SULPIRIDE,,,,,,,,,.,.,.,.,.,.,.,1,.,1,1,.,.,,
TADALAFIL,,,,,,,,,.,.,.,.,.,.,.,.,.,.,.,.,1,,
TAMOXIFEN,,,,,,,,,.,.,.,.,.,.,1,.,.,.,.,.,.,,
TEMAZEPAM,,,,,,,,,5,11,11,22,9,4,7,4,11,10,6,10,7,,
TETRAHYDROCANNABINOL,,,,,,,,,.,1,.,.,.,.,.,.,.,.,.,.,.,,
TFMPP,,,,,,,,,.,1,2,.,1,.,.,.,.,.,.,.,.,,
THC-COOH,,,,,,,,,.,.,.,.,.,.,.,.,.,.,.,1,.,,
THEOPHYLLINE,,,,,,,,,.,.,.,.,.,.,.,.,.,.,.,1,.,,
THIOPENTONE,,,,,,,,,.,.,.,.,1,.,.,.,.,.,.,.,.,,
TRAMADOL,,,,,,,,,3,5,11,11,9,11,18,20,18,20,20,15,17,,
TRAZODONE,,,,,,,,,2,8,2,5,6,7,8,10,9,17,14,17,3,,
TRENBOLONE,,,,,,,,,.,.,.,.,.,.,.,.,.,1,.,.,.,,
TRIFLUOPERAZINE,,,,,,,,,.,.,.,.,.,.,.,.,.,1,.,.,.,,
TRIMEPRAZINE,,,,,,,,,.,1,.,.,.,.,.,.,.,.,.,.,.,,
TRIMETHOPRIM,,,,,,,,,.,1,2,.,.,2,1,1,2,.,.,2,1,,
UNSPECIFIED_DRUG,,,,,,,,,.,.,.,.,.,.,1,.,.,.,.,1,.,,
VALPROATE,,,,,,,,,.,1,1,1,.,.,.,1,.,.,1,.,.,,
VALPROIC_ACID,,,,,,,,,1,2,4,2,6,1,7,5,5,6,4,8,4,,
VENLAFAXINE,,,,,,,,,4,4,2,5,4,6,5,12,9,19,21,15,16,,
VERAPAMIL,,,,,,,,,.,.,.,.,.,.,1,.,1,.,.,.,.,,
WARFARIN,,,,,,,,,.,.,.,.,.,.,.,.,1,.,.,.,.,,
ZOLPIDEM,,,,,,,,,.,.,.,2,.,1,2,4,.,3,1,1,2,,
ZOPICLONE,,,,,,,,,3,6,6,7,6,11,18,28,17,29,36,28,16,,
ZUCLOPENTHIXOL,,,,,,,,,.,.,.,.,2,.,1,2,3,2,5,3,2,,
,,,,,,,,,,,,,,,,,,,,,,,
,,,,,,,,,,,,,,,,,,,,,,,
,,,,,,,,,,,,,,,,,,,,,,,
� Crown Copyright 2021,,,,,,,,,,,,,,,,,,,,,,,
