"Table SUB2 - Substances which were reported for drug poisoning deaths, on the basis of the Office for National Statistics (ONS) 'wide' definition, Scotland, 2000 to 2020",,,,,,,,,,,,,,,,,,,,,,,,,
,,,,,,,,,,,,,,,,,,,,,,,,,
,,,,,,,,,,,,,,,,,,,,,,,,,
"This table's two lists show how often each the name of each drug (or other substance) was mentioned for the drug poisoning deaths, on the basis of the Office for National Statistics (ONS) 'wide' definition, that were registered in each year.",,,,,,,,,,,,,,,,,,,,,,,,,
,,,,,,,,,,,,,,,,,,,,,,,,,
,,,,,,,,,,,,,,,,,,,,,,,,,
Points to note,,,,,,,,,,,,,,,,,,,,,,,,,
,,,,,,,,,,,,,,,,,,,,,,,,,
More than one drug may be reported per death.  ,,,,,,,,,,,,,,,,,,,,,,,,,
Each death is counted ONCE for each drug/substance name that was mentioned.,,,,,,,,,,,,,,,,,,,,,,,,,
"To simplify the computer programming, the names appear in UPPER CASE, and an underscore (""_"") is used when a name consists of two or more words.",,,,,,,,,,,,,,,,,,,,,,,,,
,,,,,,,,,,,,,,,,,,,,,,,,,
There are two lists of drug/substance names because,,,,,,,,,,,,,,,,,,,,,,,,,
"   -   up to 2007, some pathologists reported only those drugs which they thought caused, or contributed to, the death",,,,,,,,,,,,,,,,,,,,,,,,,
"   -   from 2008, they report separately",,,,,,,,,,,,,,,,,,,,,,,,,
".                (a) drugs which were implicated in, or which potentially contributed to, the cause of the death; and",,,,,,,,,,,,,,,,,,,,,,,,,
.                (b) other drugs which were present but which were not considered to have had any direct contribution to the death.,,,,,,,,,,,,,,,,,,,,,,,,,
The first list covers: ,,,,,,,,,,,,,,,,,,,,,,,,,
"   -   up to 2007, all drugs/substances that were reported; ",,,,,,,,,,,,,,,,,,,,,,,,,
"   -   from 2008, only those which were implicated in, or potentially contributed to, the cause of death",,,,,,,,,,,,,,,,,,,,,,,,,
The second list covers:,,,,,,,,,,,,,,,,,,,,,,,,,
"   -   from 2008, the drugs/substances which were present but which were not considered to have had any direct contribution to the death",,,,,,,,,,,,,,,,,,,,,,,,,
,,,,,,,,,,,,,,,,,,,,,,,,,
"Sometimes, different pathologists may use different versions of a name (e.g. ""6-MAM"", ""6MAM"", ""6_MAM""). There is a separate entry for each version that was used, and there could be separate entries for singular and plural versions of a substance name (e.g. ""analgesic"", ""analgesics""). and there may be the occasional spelling mistake or ""typo"" when the information was entered into the computer system. ",,,,,,,,,,,,,,,,,,,,,,,,,
,,,,,,,,,,,,,,,,,,,,,,,,,
,,,,,,,,,,,,,,,,,,,,,,,,,
,,,,,,,,,,,,,,,,,,,,,,,,,
"NRS may sometimes have tried to standardise the way in which particular substance names are recorded in its database, but these lists show that the terminology has not been completely consistent over all the years.",,,,,,,,,,,,,,,,,,,,,,,,,
,,,,,,,,,,,,,,,,,,,,,,,,,
,,,,,,,,,,,,,,,,,,,,,,,,,
"In the case of an unspecified member of a group of substances (e.g. ""benzodiazepine"" or ""opiate""), rather than a specific drug (such as ""diazepam"" or ""heroin""), the list shows the number of deaths for which that particular word was used.  Such figures do not include the number of times that a substance which belongs to that group was mentioned.  As a result, the figures for ""benzodiazepine"" are less than the figures for ""diazepam"", and likewise for ""opiate"" and ""heroin"". Information about the numbers of drug poisoning deaths (on the basis of the ONS 'wide' definition) for which one or more benzodiazepines were reported, or for which one or more opiates or opioids were reported, is available from Table Y of ""Drug-related Deaths in Scotland"".    ",,,,,,,,,,,,,,,,,,,,,,,,,
,,,,,,,,,,,,,,,,,,,,,,,,,
,,,,,,,,,,,,,,,,,,,,,,,,,
,,,,,,,,,,,,,,,,,,,,,,,,,
,,,,,,,,,,,,,,,,,,,,,,,,,
"Apparent discrepancies between this table and Table Y may be explained by Table Y's figures covering all the names of substances in a particular category, whereas this table has a separate entry for each.  So, for example, Table Y's figures for ""alcohol"" include ""ethanol"" which appears separately in this table.  Note that there could be deaths for which more than one version of a name was reported (e.g. both ""alcohol"" and ""ethanol"" were mentioned).",,,,,,,,,,,,,,,,,,,,,,,,,
,,,,,,,,,,,,,,,,,,,,,,,,,
,,,,,,,,,,,,,,,,,,,,,,,,,
,,,,,,,,,,,,,,,,,,,,,,,,,
List 1,,,,,,,,,,,,,,,,,,,,,,,,,
"   -   up to 2007, all drugs or substances which were reported for the deaths (possibly including some that were not implicated in some deaths)",,,,,,,,,,,,,,,,,,,,,,,,,
"   -   from 2008, those drugs or substances which were implicated in, or potentially contributed to, the cause of death",,,,,,,,,,,,,,,,,,,,,,,,,
,,,,,,,,,,,,,,,,,,,,,,,,,
,Year in which death was registered,,,,,,,,,,,,,,,,,,,,,,,,
,2000,2001,2002,2003,2004,2005,2006,2007,2008,2009,2010,2011,2012,2013,2014,2015,2016,2017,2018,2019,2020,,,,
,,,,,,,,,,,,,,,,,,,,,,,,,
"Total number of drug poisoning deaths, ONS 'wide' definition basis",495,551,566,493,546,480,577,630,737,716,692,749,734,685,743,813,997,1045,1313,1406,1461,,,,
,,,,,,,,,,,,,,,,,,,,,,,,,
Drug / substance name,,,,,,,,,,,,,,,,,,,,,,,,,
3-METHOXYPHENCYCLIDINE,.,.,.,.,.,.,.,.,.,.,.,.,.,.,.,.,.,1,.,.,.,,,,
4-4'DMAR,.,.,.,.,.,.,.,.,.,.,.,.,.,.,1,.,.,.,.,.,.,,,,
4-MEC,.,.,.,.,.,.,.,.,.,.,.,.,.,.,1,.,.,.,.,.,.,,,,
4F-EPH,.,.,.,.,.,.,.,.,.,.,.,.,.,.,.,.,1,.,.,.,.,,,,
4F-MDMB-BINACA,.,.,.,.,.,.,.,.,.,.,.,.,.,.,.,.,.,.,.,.,2,,,,
5-MEO-DALT,.,.,.,.,.,.,.,.,.,.,.,.,1,.,.,.,.,.,.,.,.,,,,
5F-MDMB-PICA,.,.,.,.,.,.,.,.,.,.,.,.,.,.,.,.,.,.,.,.,1,,,,
5F-MDMB-PINACA,.,.,.,.,.,.,.,.,.,.,.,.,.,.,.,.,.,.,1,1,.,,,,
5F-PB-22,.,.,.,.,.,.,.,.,.,.,.,.,.,.,1,.,.,.,.,.,.,,,,
6-MAM,.,.,.,.,.,.,.,.,.,.,.,.,.,.,1,1,.,.,.,1,.,,,,
6MAM,.,.,.,.,.,.,.,.,.,.,.,.,.,1,2,.,.,.,.,.,.,,,,
6_MAM,.,.,.,.,.,.,.,.,.,.,.,.,.,.,.,.,1,1,1,.,.,,,,
AB-FUBINACA,.,.,.,.,.,.,.,.,.,.,.,.,.,.,.,.,.,.,1,1,.,,,,
ACAMPROSATE,.,.,.,.,1,.,.,.,.,.,.,.,.,.,.,.,.,.,.,.,1,,,,
ACETYL_FENTANYL,.,.,.,.,.,.,.,.,.,.,.,.,.,.,1,.,.,.,.,.,.,,,,
ADINAZOLAM,.,.,.,.,.,.,.,.,.,.,.,.,.,.,.,.,.,.,.,.,1,,,,
AKB48,.,.,.,.,.,.,.,.,.,.,.,.,.,.,.,.,1,.,.,.,.,,,,
ALCOHOL,164,186,190,168,145,134,151,181,196,187,151,146,133,129,115,123,132,105,170,155,183,,,,
ALFENTANIL,.,.,.,.,.,.,.,.,.,.,.,.,.,.,.,.,.,1,.,.,.,,,,
ALKYL_NITRITE,.,.,.,.,.,.,.,.,.,.,.,1,.,.,.,.,.,.,.,.,.,,,,
ALPRAZOLAM,.,.,.,.,.,.,.,.,1,1,.,1,.,.,.,2,24,99,137,71,35,,,,
ALUMINIUM_PHOSPHATE,.,.,.,.,.,.,.,.,.,.,.,.,.,.,.,.,.,.,1,.,.,,,,
ALVERINE,.,.,.,.,.,.,.,.,1,.,.,.,.,.,.,.,.,.,.,.,.,,,,
AMFETAMINE,.,.,.,.,.,.,.,.,.,.,.,.,.,.,1,.,1,1,2,.,5,,,,
AMILORIDE,.,.,1,.,.,.,.,.,.,.,.,.,.,.,.,.,.,.,.,.,.,,,,
AMIODARONE,.,.,.,.,1,.,.,1,.,1,.,.,.,.,.,.,.,.,.,.,1,,,,
AMISULPRIDE,.,.,.,.,.,1,.,2,.,1,3,.,1,1,3,1,1,1,4,3,.,,,,
AMITRIPTYLINE,29,34,26,37,29,30,29,24,41,32,41,37,44,60,41,47,54,42,58,44,38,,,,
AMLODIPINE,.,.,.,.,.,1,.,.,.,1,2,1,5,1,1,4,.,1,4,1,.,,,,
AMPHETAMINE,3,5,13,10,10,11,11,12,12,7,3,18,18,20,19,17,23,32,44,53,52,,,,
AMT,.,.,.,.,.,.,.,.,.,.,.,.,5,3,1,.,.,.,.,1,.,,,,
AMYLOBARBITONE,1,.,.,.,.,.,.,.,.,.,.,.,.,.,.,.,.,.,.,.,.,,,,
AMYL_NITRATE,.,.,.,.,.,.,.,.,.,.,.,.,.,.,.,.,.,.,.,.,1,,,,
ANABOLIC_STEROID,.,1,.,.,.,.,.,.,.,.,.,.,.,.,.,.,.,.,.,1,.,,,,
ANALGESIC,.,.,.,.,1,.,.,.,.,.,1,1,.,.,.,1,.,.,.,.,.,,,,
ANALGESICS,.,.,.,.,1,.,.,.,.,.,.,.,.,.,.,.,.,.,.,.,.,,,,
ANTI-INFLAMMATORY_DRUG,.,.,.,.,.,.,.,.,.,.,.,.,1,.,.,.,.,.,.,.,.,,,,
ANTIDEPRESSANT,.,1,2,.,1,.,.,1,.,.,.,.,.,.,.,.,.,.,.,.,.,,,,
ANTIDIABETIC,.,.,.,1,.,.,.,.,.,.,.,.,.,.,.,.,.,.,.,.,.,,,,
ANTIDIABETIC_DRUG,.,1,.,.,.,.,.,.,.,.,.,.,.,.,.,.,.,.,.,.,.,,,,
ANTIHYPERTENSIVE,.,.,.,1,.,.,.,.,.,.,.,.,.,.,.,.,.,.,.,.,.,,,,
ANTIPSYCHOTIC,1,.,.,.,.,.,.,.,.,.,.,.,.,.,.,.,.,.,.,.,.,,,,
ANTIRETROVIRAL,.,.,.,.,.,.,.,.,.,.,.,.,.,.,.,.,.,.,.,1,.,,,,
APB,.,.,.,.,.,.,.,.,.,.,.,.,3,1,.,.,.,.,.,.,.,,,,
API,.,.,.,.,.,.,.,.,.,.,.,.,3,2,.,.,.,.,.,.,.,,,,
ARIPIPRAZOLE,.,.,.,.,.,.,.,.,.,.,.,.,.,1,.,.,.,.,.,.,.,,,,
ASPIRIN,.,2,.,1,.,.,1,.,.,.,.,.,.,2,1,.,.,1,2,.,.,,,,
ATENOLOL,.,.,.,1,.,.,2,.,1,.,1,4,1,.,.,1,2,5,1,1,1,,,,
ATRACURIUM,1,.,.,.,.,.,.,1,.,.,.,.,.,.,.,.,.,.,.,.,.,,,,
BACLOFEN,1,.,.,.,1,.,.,.,.,.,.,.,.,.,1,.,2,1,1,2,.,,,,
BARBITONE,.,.,.,.,.,.,.,.,1,.,.,.,.,.,.,.,.,1,.,.,.,,,,
BARBITURATE,.,.,.,.,.,.,.,.,.,1,.,1,.,1,1,.,.,1,.,.,.,,,,
BENZODIAZEPINE,3,.,41,17,22,20,25,32,30,32,32,52,28,38,17,37,32,48,39,34,11,,,,
BENZODIAZEPINES,.,21,.,.,.,.,.,.,.,.,.,.,.,.,.,.,1,.,3,.,.,,,,
BENZOYLECGONINE,.,.,.,.,.,.,2,1,.,.,.,.,.,.,.,.,.,1,2,.,.,,,,
BENZOYLECOGNINE,.,.,.,.,.,2,.,.,.,1,.,.,1,1,1,.,.,.,.,.,.,,,,
BENZYLPIPERAZINE,.,.,.,.,.,.,.,.,.,.,.,.,.,.,.,.,.,.,1,.,.,,,,
BETA_BLOCKER,.,.,.,.,.,.,.,.,.,.,.,1,.,.,.,.,.,.,.,.,.,,,,
BETA_HYDROXYBUTYRATE,.,.,.,.,.,.,.,.,.,.,.,.,.,.,.,.,.,1,.,.,.,,,,
BISOPROLOL,.,1,.,.,.,.,.,.,.,.,.,.,1,.,.,.,.,1,1,.,.,,,,
BISPHOSPHONATE,.,.,.,.,.,.,.,.,.,.,.,.,.,.,.,.,.,.,.,1,.,,,,
BROMAZEPAM,.,.,.,.,.,.,.,.,.,.,.,.,.,.,1,.,.,1,1,1,.,,,,
BUPIVACAINE,.,.,.,.,.,.,.,.,.,.,.,1,.,.,.,.,.,.,.,.,.,,,,
BUPRENORPHINE,.,.,.,.,.,.,.,2,.,2,4,10,8,11,29,25,40,36,90,82,98,,,,
BUPROPION,.,.,1,.,.,.,.,.,.,.,.,1,.,.,.,.,.,.,.,.,.,,,,
BUSCOPAN,.,.,.,.,.,.,.,.,.,1,.,.,1,.,.,.,.,.,.,.,.,,,,
BUTANE,1,3,4,2,.,2,.,5,1,10,3,5,3,1,3,3,2,2,3,1,1,,,,
BUTOBARBITAL,.,.,.,.,.,.,.,.,.,1,.,.,.,.,.,.,.,.,.,.,.,,,,
BZP,.,.,.,.,.,.,.,.,.,2,2,2,2,7,1,1,.,.,.,.,.,,,,
CAFFEINE,.,.,.,.,.,.,.,.,.,.,1,.,.,1,.,.,1,.,.,1,.,,,,
CANNABINOIDS,1,.,.,.,.,.,.,.,.,.,.,.,.,.,.,.,.,.,.,.,.,,,,
CANNABINOL,1,.,.,.,.,.,.,.,.,.,.,.,.,.,.,.,.,.,.,.,.,,,,
CANNABIS,22,23,35,21,5,6,3,8,1,.,.,.,.,.,1,7,3,2,2,4,2,,,,
CARBAMAZEPINE,5,9,7,5,5,5,3,5,3,3,2,4,2,1,1,1,3,2,1,1,.,,,,
CARBON_MONOXIDE,.,.,.,.,.,.,.,.,.,.,1,.,.,.,.,.,.,.,.,.,.,,,,
CARISOPRODOL,.,.,.,.,.,.,.,.,.,.,.,.,.,.,.,.,.,.,.,.,1,,,,
CATHINONE,.,.,.,.,.,.,.,.,.,.,.,1,.,.,.,.,.,.,.,.,.,,,,
CELECOXIB,.,.,.,.,.,.,.,.,.,.,.,.,.,.,.,.,.,.,1,.,.,,,,
CHLORAL_BETAINE,.,.,.,.,.,.,.,.,.,.,.,.,.,1,.,.,.,.,.,.,.,,,,
CHLORAL_HYDRATE,1,3,2,2,.,1,.,.,.,.,.,.,.,.,.,.,.,.,.,.,.,,,,
CHLORDIAZEPOXIDE,7,5,5,2,3,1,3,.,1,1,1,1,1,2,.,.,.,2,3,2,.,,,,
CHLORMETHIAZOLE,1,1,.,1,.,.,.,1,.,.,.,.,.,.,.,.,.,.,.,.,.,,,,
CHLOROMETHCATHINONE,.,.,.,.,.,.,.,.,.,.,.,.,.,.,.,1,.,.,.,.,.,,,,
CHLOROQUINE,1,1,.,.,.,.,.,1,.,1,.,.,.,3,1,.,.,.,.,.,.,,,,
CHLORPHENIRAMINE,1,.,1,.,.,1,.,1,1,1,1,1,.,3,3,3,.,1,3,1,3,,,,
CHLORPROMAZINE,2,4,3,3,5,2,2,5,4,3,3,4,2,5,2,1,5,2,1,2,1,,,,
CIMETIDINE,.,1,.,.,.,.,.,.,.,.,.,.,.,.,.,.,.,.,.,.,.,,,,
CINCHOCAINE,.,.,.,.,.,.,.,.,.,.,.,.,.,1,.,.,.,.,.,.,.,,,,
CIPRAMIL,.,1,1,.,.,.,.,.,.,.,.,.,.,.,.,.,.,.,.,.,.,,,,
CITALOPRAM,1,9,13,11,11,11,25,22,19,20,26,22,18,13,11,18,11,9,7,11,9,,,,
CLEANING_FLUID,.,.,.,.,.,.,.,.,.,.,.,.,.,.,.,.,.,1,.,.,.,,,,
CLEVIDIPINE,.,.,.,.,.,.,.,.,.,.,.,.,.,.,.,1,.,.,.,.,.,,,,
CLOBAZAM,.,.,.,.,.,.,.,.,1,.,.,.,.,.,.,.,.,1,.,.,.,,,,
CLOMIPRAMINE,1,4,4,3,2,1,2,5,1,1,1,1,2,5,2,2,1,1,2,.,1,,,,
CLONAZEPAM,.,.,.,.,.,.,.,.,.,.,.,.,.,.,.,.,.,.,.,.,6,,,,
CLONAZOLAM,.,.,.,.,.,.,.,.,.,.,.,.,.,.,.,.,.,.,.,.,1,,,,
CLONIDINE,.,.,.,.,.,.,.,.,.,.,.,.,.,.,.,.,.,.,1,.,.,,,,
CLOXAZOLAM,.,.,.,.,.,.,.,.,.,.,.,.,.,.,.,.,3,3,5,3,.,,,,
CLOZAPINE,2,1,2,1,3,1,5,5,8,4,4,4,4,3,4,2,2,3,.,3,2,,,,
CO-CODAMOL,4,5,4,4,7,6,14,10,10,11,8,17,10,10,7,9,6,11,6,10,10,,,,
CO-DYDRAMOL,1,3,2,.,2,1,2,1,3,.,2,2,1,1,.,.,.,.,.,.,.,,,,
CO-PROXAMOL,37,44,40,29,36,29,12,4,3,1,2,.,1,2,.,.,.,1,.,.,1,,,,
COCAINE,4,20,31,30,38,44,33,47,41,33,34,36,30,45,44,94,123,176,278,375,462,,,,
CODEINE,18,10,14,18,23,13,25,20,31,34,12,33,32,37,38,32,42,32,59,58,48,,,,
COLCHICINE,.,1,.,.,1,1,.,.,.,1,.,.,.,.,2,.,1,.,2,.,.,,,,
CONTAMINATED,22,.,.,.,.,.,.,.,.,.,.,.,.,.,.,.,.,.,.,.,.,,,,
CYCLIZINE,1,1,1,1,.,1,.,2,1,2,1,1,3,5,.,2,6,4,1,7,1,,,,
DELORAZEPAM,.,.,.,.,.,.,.,.,.,.,.,.,.,.,.,1,21,13,30,11,2,,,,
DESIPRAMINE,.,.,1,.,1,.,1,.,1,.,1,.,.,.,.,.,.,.,2,.,.,,,,
DESMETHYLDIAZEPAM,3,1,4,2,.,4,13,2,.,.,.,.,.,.,.,.,.,.,.,.,.,,,,
DESMOPRESSIN,.,.,.,1,.,.,.,.,.,.,.,.,.,.,.,.,.,.,.,.,.,,,,
DEXTROMETHORPHAN,.,.,.,.,.,.,.,.,.,.,1,.,.,.,.,.,.,.,.,.,.,,,,
DEXTROMORAMIDE,.,1,1,.,.,.,.,.,.,.,.,.,.,.,.,.,.,.,.,.,.,,,,
DEXTROPROPOXYPHENE,20,18,22,8,10,5,5,.,2,1,.,.,.,.,.,1,.,.,.,.,.,,,,
DIAMORPHINE,28,37,49,18,45,22,31,33,27,35,11,11,.,2,2,3,3,1,.,.,.,,,,
DIAZEPAM,143,159,217,154,113,90,77,78,116,120,94,124,161,106,85,122,154,205,212,188,194,,,,
DIAZEPINE,.,.,.,.,.,.,.,.,.,.,.,.,.,.,.,.,.,.,1,.,.,,,,
DICLAZEPAM,.,.,.,.,.,.,.,.,.,.,.,.,.,1,6,9,75,26,31,12,6,,,,
DICLOFENAC,1,.,1,.,.,1,.,.,.,.,1,.,.,.,.,.,.,.,.,.,.,,,,
DICONAL,.,1,1,.,.,.,1,1,.,.,.,.,1,.,.,.,.,.,.,.,.,,,,
DIGOXIN,1,.,.,.,2,.,1,.,1,.,.,.,.,.,.,.,.,1,.,.,.,,,,
DIHYDROCODEINE,35,54,59,52,41,49,43,54,71,65,63,86,85,81,72,95,115,101,134,118,151,,,,
DILTIAZEM,2,.,4,.,2,.,1,1,2,2,1,1,2,1,2,1,.,1,2,.,.,,,,
DIMETHYL_ETHER,.,.,.,.,.,.,.,.,.,.,.,.,1,.,1,.,.,.,.,.,.,,,,
DIPHENHYDRAMINE,.,1,5,3,.,1,2,3,4,.,3,4,4,1,1,6,8,5,4,1,6,,,,
DIPHENIDINE,.,.,.,.,.,.,.,.,.,.,.,.,.,.,1,.,.,.,.,1,.,,,,
DIPIPANONE,.,2,.,.,1,.,1,2,1,1,1,1,1,2,1,.,2,.,.,.,.,,,,
DISOPYRAMIDE,.,.,.,.,1,.,.,.,.,.,.,.,.,.,.,.,.,.,.,.,.,,,,
DISTALGESIC,1,1,.,.,.,.,.,.,.,.,.,.,.,.,.,.,.,.,.,.,.,,,,
DISULFIRAM,.,.,.,.,.,.,.,.,.,.,.,.,.,.,.,.,.,.,.,.,1,,,,
DIURETICS,.,1,.,.,.,.,.,.,.,.,.,.,.,.,.,.,.,.,.,.,.,,,,
DOSULEPIN,.,.,.,.,.,.,1,.,.,.,1,2,1,.,2,.,1,1,2,.,.,,,,
DOTHIEPIN,15,11,11,13,5,9,12,8,8,7,6,7,4,4,5,2,3,.,.,.,.,,,,
DOXAZOSIN,.,.,.,.,.,.,.,.,.,.,.,.,.,.,.,.,.,.,.,.,1,,,,
DOXEPIN,2,4,2,1,2,.,1,.,1,.,1,1,.,1,.,.,.,.,.,1,.,,,,
DOXYLAMINE,.,.,.,.,.,.,.,.,.,.,.,.,.,.,.,.,1,.,.,.,.,,,,
DROTAVERINE,.,.,.,.,.,.,.,.,.,.,.,.,.,.,.,.,.,.,1,.,.,,,,
DULOXETINE,.,.,.,.,.,.,.,.,1,.,1,3,2,1,1,.,1,3,.,.,.,,,,
DUTONIN,1,.,.,.,.,.,.,.,.,.,.,.,.,.,.,.,.,.,.,.,.,,,,
ECGONINE_METHYL_ESTER,.,.,.,.,.,.,.,.,.,.,.,.,.,1,.,.,.,.,.,.,.,,,,
ECSTASY,10,15,12,9,15,9,10,9,3,1,.,6,8,8,5,10,10,9,7,1,11,,,,
ENALAPRIL,.,1,1,.,.,.,.,.,.,.,.,.,.,.,.,.,.,.,.,.,.,,,,
EPHEDRINE,.,1,.,.,.,.,.,.,.,.,.,.,.,.,.,.,.,.,.,.,.,,,,
EPILIM,.,.,.,1,.,.,.,1,.,.,.,.,.,.,.,.,.,.,.,.,.,,,,
ETHANOL,.,.,.,.,.,.,.,.,.,.,.,2,4,.,1,.,3,2,2,3,.,,,,
ETHYLENE,.,.,.,.,.,.,.,.,.,.,.,.,.,.,.,.,1,.,.,.,.,,,,
ETHYLENE_GLYCOL,.,.,.,.,.,.,.,.,.,1,.,.,.,.,.,.,.,1,.,.,.,,,,
ETHYLPHENIDATE,.,.,.,.,.,.,.,.,.,.,.,.,.,1,7,5,.,.,.,.,.,,,,
ETIZOLAM,.,.,.,.,.,.,.,.,.,.,.,.,1,8,37,43,225,300,551,758,814,,,,
EVE,.,.,.,1,.,.,.,.,.,.,.,.,.,.,.,.,.,.,.,.,.,,,,
FENTANYL,.,.,.,.,.,.,.,.,1,1,1,5,7,4,4,3,7,15,12,25,7,,,,
FERROUS_SULPHATE,.,.,1,.,.,.,.,.,.,.,.,.,.,.,.,.,.,.,.,.,.,,,,
FLECAINIDE,1,.,.,.,.,.,.,1,.,.,.,.,2,.,.,1,1,1,.,.,.,,,,
FLUALPRAZOLAM,.,.,.,.,.,.,.,.,.,.,.,.,.,.,.,.,.,.,.,22,36,,,,
FLUBROMAZEPAM,.,.,.,.,.,.,.,.,.,.,.,.,.,.,.,2,2,8,.,3,1,,,,
FLUBROMAZOLAM,.,.,.,.,.,.,.,.,.,.,.,.,.,.,.,1,.,.,1,4,43,,,,
FLUOXETINE,5,7,5,4,13,6,8,11,6,7,16,11,13,9,10,11,16,16,16,11,6,,,,
FLUPENTHIXOL,.,.,.,.,.,.,.,.,.,.,.,.,.,1,.,.,.,.,.,.,.,,,,
FRUSEMIDE,1,.,.,.,.,.,.,.,.,.,.,.,.,.,.,.,.,.,.,.,.,,,,
GABAPENTIN,.,.,.,.,.,.,.,.,3,2,4,10,24,51,67,102,154,144,200,198,216,,,,
GAMMA_HYDROXYBUTYRATE,.,2,2,.,.,.,.,1,.,3,5,.,3,1,2,4,1,.,2,1,.,,,,
GLICLAZIDE,.,.,.,.,.,.,.,.,.,.,.,.,.,.,.,.,.,.,.,1,.,,,,
HAIRSPRAY,.,.,.,1,.,.,.,.,.,.,.,.,.,.,.,.,.,.,.,.,.,,,,
HALOPERIDOL,.,.,.,.,.,.,.,.,.,.,.,.,.,.,1,1,.,1,.,.,.,,,,
HELIUM,.,.,.,.,.,1,1,3,4,3,6,6,10,7,10,5,5,6,5,2,2,,,,
HEROIN,150,160,179,122,166,139,213,233,264,273,195,148,136,143,221,242,330,316,380,428,397,,,,
HYDROCARBON,.,.,.,.,.,.,.,.,.,.,1,.,.,.,.,.,.,.,.,.,.,,,,
HYDROCODONE,.,.,.,.,.,.,.,.,.,1,.,.,.,1,2,1,2,2,2,1,10,,,,
HYDROMORPHONE,.,.,.,.,.,.,.,.,.,.,.,1,.,.,.,.,.,.,.,.,.,,,,
HYDROXYCHLOROQUINE,.,.,.,.,.,.,.,.,.,.,.,.,.,.,.,.,3,.,.,.,.,,,,
IBUPROFEN,1,2,1,2,1,1,2,.,.,2,.,1,.,.,2,.,.,.,1,.,1,,,,
IMIPRAMINE,2,2,2,2,3,1,2,.,2,1,2,.,.,2,1,.,.,1,3,.,1,,,,
IMMOBILON,.,.,.,.,.,.,1,.,.,.,.,.,.,.,.,.,.,.,.,.,.,,,,
IMMUNOSUPPRESSIVE_DRUG,.,.,.,.,.,.,.,.,.,.,.,.,1,.,.,.,.,.,.,.,.,,,,
INSULIN,6,.,1,2,3,3,4,5,6,9,4,5,9,1,4,5,5,4,2,3,5,,,,
IRON,.,.,1,.,.,.,.,.,.,.,.,.,.,.,.,.,1,.,.,.,.,,,,
ISOBUTANE,.,.,1,1,.,1,.,2,1,1,.,1,1,.,2,2,1,2,2,.,.,,,,
ISOFLURANE,1,.,.,.,.,.,.,.,.,.,.,.,.,.,.,1,.,.,.,.,.,,,,
IVERMECTIN,.,.,.,.,.,.,.,.,.,.,.,.,.,.,.,.,1,.,.,.,.,,,,
KAPAKE,.,1,.,.,.,.,.,.,.,.,.,.,.,.,.,.,.,.,.,.,.,,,,
KETAMINE,.,.,.,.,.,.,.,1,.,4,2,2,1,.,1,1,1,2,5,7,7,,,,
KHAT,.,.,.,.,.,.,.,.,.,.,1,.,.,.,.,.,.,.,.,.,.,,,,
LABETALOL,.,.,.,.,.,.,.,.,.,.,.,.,.,1,.,.,.,.,.,.,.,,,,
LAMOTRIGINE,1,.,.,1,.,.,.,.,3,.,.,.,1,.,.,3,2,2,1,.,1,,,,
LANSOPRAZOLE,1,.,.,.,.,.,.,.,.,.,.,.,.,.,.,.,.,.,.,.,.,,,,
LEVAMISOLE,.,.,.,.,.,.,.,.,.,.,.,.,.,.,.,.,.,.,.,1,.,,,,
LEVETIRACETAM,.,.,.,.,.,.,.,.,.,.,.,.,.,.,.,.,.,1,.,1,.,,,,
LEVOMEPROMAZINE,.,.,.,.,.,.,.,1,.,.,.,.,.,.,.,2,.,.,.,.,.,,,,
LIBRIUM,1,.,.,.,.,.,.,.,.,.,.,.,.,.,.,.,.,.,.,.,.,,,,
LIGHTER_FLUID,.,.,.,.,.,.,.,.,.,.,1,.,.,.,.,.,.,.,.,.,.,,,,
LIGHTER_FUEL,.,.,.,.,.,.,.,1,.,.,.,.,.,.,.,.,.,.,.,.,.,,,,
LIGNOCAINE,1,.,1,.,1,.,.,2,4,2,3,.,2,2,.,.,.,1,.,1,1,,,,
LITHIUM,.,.,.,.,1,1,.,1,1,.,2,.,.,2,.,.,.,.,.,.,.,,,,
LITHIUM_SALTS,.,.,.,.,.,.,.,.,.,.,.,.,.,.,.,.,.,1,.,.,2,,,,
LOFEPRAMINE,.,.,.,.,.,.,.,.,.,.,.,.,.,.,.,.,2,.,.,.,.,,,,
LOFEXIDINE,.,.,.,.,.,.,.,.,.,.,.,.,.,.,.,.,.,.,1,.,.,,,,
LOPRAZOLAM,.,.,.,.,.,.,.,.,1,.,.,.,.,.,.,.,.,.,.,.,.,,,,
LORAZEPAM,.,.,.,.,.,.,.,.,1,.,.,.,1,1,.,6,11,8,14,8,3,,,,
LORMETAZEPAM,.,.,.,.,.,.,.,.,.,.,.,.,.,.,.,.,.,.,1,1,.,,,,
LSD,.,.,.,.,.,.,.,.,.,.,.,.,.,.,.,.,.,1,1,.,.,,,,
MDA,2,4,1,.,.,.,.,.,.,.,.,.,.,.,.,1,2,4,5,1,2,,,,
MDEA,.,.,.,.,1,.,.,.,.,.,.,.,1,.,.,.,.,.,.,.,.,,,,
MDMA,3,11,12,8,12,6,4,5,4,2,.,9,7,17,13,13,27,25,35,25,39,,,,
MDMB-CHMICA,.,.,.,.,.,.,.,.,.,.,.,.,.,.,.,.,1,.,.,.,.,,,,
MDPV,.,.,.,.,.,.,.,.,.,.,.,1,.,2,.,1,.,.,.,.,.,,,,
MEPHEDRONE,.,.,.,.,.,.,.,.,.,1,7,2,2,1,3,2,.,.,.,1,1,,,,
MEPROBAMATE,.,.,.,.,.,.,.,.,.,.,.,.,.,.,.,.,.,.,.,.,1,,,,
MEPTAZINOL,.,1,1,.,2,.,1,.,.,.,1,.,.,.,.,.,.,.,.,.,1,,,,
MEPTID,.,.,.,.,.,.,.,.,.,.,.,1,.,.,.,.,.,.,.,.,.,,,,
METFORMIN,.,1,.,.,.,2,.,.,.,.,1,.,.,.,.,1,.,1,.,.,1,,,,
METHADONE,56,71,100,91,80,71,96,115,171,177,177,275,241,216,216,252,366,443,564,572,710,,,,
METHAMPHETAMINE,.,.,.,.,.,.,.,.,.,.,.,.,.,.,.,.,1,.,.,.,4,,,,
METHIOPROPAMINE,.,.,.,.,.,.,.,.,.,.,.,.,2,2,3,4,.,.,.,.,.,,,,
METHOCARBAMOL,1,.,.,.,.,.,.,.,.,1,.,1,.,.,.,.,.,.,.,.,.,,,,
METHOTREXATE,.,.,1,.,.,.,.,.,.,.,.,2,.,.,.,.,.,.,.,.,.,,,,
METHYLAMPHETAMINE,.,1,.,.,.,.,.,.,.,.,.,.,.,.,.,.,.,.,.,.,.,,,,
METHYLENEDIOXYMETHYLAMPHETAMINE,1,1,.,.,.,.,.,.,.,.,.,.,.,.,.,.,.,.,.,.,.,,,,
METHYLETHCATHINONE,.,.,.,.,.,.,.,.,.,.,.,1,1,1,.,.,.,.,.,.,.,,,,
METHYLONE,.,.,.,.,.,.,.,.,.,.,.,.,.,1,1,.,.,.,.,.,.,,,,
METHYLPHENIDATE,.,.,.,.,.,.,.,.,.,.,.,.,.,.,.,.,1,.,.,.,1,,,,
METOCLOPRAMIDE,.,.,1,1,.,.,.,.,1,.,.,.,.,.,.,1,.,1,1,.,.,,,,
MEXEDRONE,.,.,.,.,.,.,.,.,.,.,.,.,.,.,.,1,1,.,.,.,.,,,,
MIDAZOLAM,1,.,.,.,.,.,.,.,.,1,.,2,2,.,.,.,.,.,.,.,.,,,,
MIGRALEVE,.,1,.,.,.,.,.,.,.,.,.,.,.,.,.,.,.,.,.,.,.,,,,
MIRTAZAPINE,3,1,.,3,5,3,5,8,12,14,9,18,24,26,20,39,35,65,59,39,57,,,,
MITRAGYNINE,.,.,.,.,.,.,.,.,.,.,.,.,.,.,.,1,1,.,1,.,.,,,,
MOCLOBEMIDE,1,2,.,.,1,.,1,.,.,.,.,.,1,.,.,.,2,.,.,.,.,,,,
MODAFINIL,.,.,.,.,.,.,.,.,.,.,.,.,.,.,.,.,.,1,.,.,.,,,,
MORPHINE,172,183,196,146,130,87,96,104,93,94,99,80,102,85,117,140,197,202,210,273,243,,,,
MORPHINE_SULPHATE,1,.,.,.,.,.,.,.,.,.,.,.,.,.,.,.,1,.,.,.,1,,,,
MPA,.,.,.,.,.,.,.,.,.,.,.,.,.,.,2,.,.,.,.,.,.,,,,
MST,.,.,.,.,.,.,.,.,.,.,.,.,.,.,.,.,.,.,.,1,.,,,,
MXP,.,.,.,.,.,.,.,.,.,.,.,.,.,.,3,.,2,.,.,.,.,,,,
NAPHYRONE,.,.,.,.,.,.,.,.,.,.,1,.,.,.,.,.,.,.,.,.,.,,,,
NAPROXEN,.,.,.,.,.,.,.,.,.,1,.,.,.,.,.,.,1,.,2,.,.,,,,
NARCOTIC,.,1,1,.,2,1,.,1,7,1,.,.,.,.,.,.,1,1,.,.,.,,,,
NARDIL,1,.,.,.,.,.,.,.,.,.,.,.,.,.,.,.,.,.,.,.,.,,,,
NEFOPAM,.,.,.,.,.,.,1,1,2,.,.,2,1,.,2,1,3,1,.,.,3,,,,
NIFEDIPINE,1,.,.,.,.,.,.,.,.,.,.,.,.,.,.,.,.,.,1,.,.,,,,
NITRAZEPAM,4,1,.,3,1,.,1,.,.,.,.,.,2,.,.,.,1,2,.,1,4,,,,
NON-STEROIDAL_ANTI-INFLAMMATORY_DRUGS,.,.,.,1,.,.,.,.,.,.,.,.,.,.,.,.,2,.,.,.,.,,,,
NORDIAZEPAM,.,.,.,.,.,.,.,.,.,.,.,.,15,1,.,.,.,.,.,.,.,,,,
NORFLUOXETINE,.,.,1,.,1,.,.,.,.,.,.,1,.,.,.,.,1,1,.,.,.,,,,
NORPROPOXYPHENE,1,.,.,.,.,1,.,.,.,.,.,.,.,.,.,.,.,.,.,.,.,,,,
NORTRIPTYLINE,.,1,2,.,.,3,4,2,5,3,2,2,1,.,1,.,.,1,1,2,1,,,,
OLANZAPINE,1,1,1,2,1,1,5,10,8,6,7,9,14,8,5,11,11,11,15,12,5,,,,
OPIATE,22,25,45,37,37,33,40,37,22,34,26,29,13,22,16,20,15,24,12,4,6,,,,
OPIATES,.,.,.,.,.,.,.,.,.,.,.,.,.,.,.,.,.,.,3,.,.,,,,
OPIOID,.,.,.,.,.,.,.,.,.,.,.,1,1,.,1,.,2,2,3,2,2,,,,
ORAMORPH,.,.,.,.,.,.,.,.,.,.,.,.,1,.,.,.,2,.,.,.,.,,,,
ORPHENADRINE,2,1,1,.,.,.,1,.,.,.,.,2,.,.,.,.,.,.,.,.,.,,,,
OXAZEPAM,3,1,6,5,2,1,2,1,.,.,.,2,.,1,1,3,4,5,3,.,.,,,,
OXCARBAZEPINE,.,.,.,.,.,.,.,.,.,.,.,.,1,.,.,.,.,.,.,.,.,,,,
OXYCODONE,.,.,.,.,.,1,.,1,8,6,3,12,11,9,7,12,17,20,19,36,31,,,,
OXYCONTIN,.,.,.,.,.,.,.,1,.,.,.,.,.,.,.,.,.,.,.,.,.,,,,
PARACETAMOL,74,62,56,44,53,26,27,40,41,33,38,27,25,27,35,29,37,44,49,40,28,,,,
PAROXETINE,4,4,6,2,5,1,2,1,1,2,2,2,2,2,2,1,.,2,2,2,2,,,,
PENTAZOCINE,.,.,.,.,.,.,.,.,.,.,.,.,.,.,.,.,1,.,.,.,.,,,,
PENTOBARBITAL,.,.,.,.,.,.,.,.,.,1,.,.,.,.,1,.,.,.,.,.,.,,,,
PENTOBARBITONE,.,.,.,1,.,.,.,.,.,1,.,1,3,1,6,.,4,.,2,2,1,,,,
PERINDOPRIL,1,.,.,.,.,.,.,.,.,.,.,.,.,.,.,.,.,.,.,.,.,,,,
PETHIDINE,.,.,2,.,.,.,.,.,1,.,.,.,.,.,.,.,.,1,1,.,.,,,,
PHENACETIN,.,.,.,.,.,1,.,.,.,.,.,.,.,.,.,.,.,.,.,.,.,,,,
PHENAZEPAM,.,.,.,.,.,.,.,.,.,.,.,14,20,34,6,6,6,30,27,24,43,,,,
PHENELZINE,.,.,1,.,1,.,.,.,.,.,1,.,.,.,.,.,.,.,.,.,.,,,,
PHENOBARBITONE,.,.,.,2,.,.,2,.,2,.,1,.,1,.,.,.,.,2,1,.,.,,,,
PHENYTOIN,1,1,1,.,1,1,.,.,.,1,.,.,.,.,.,.,1,.,.,.,.,,,,
PHOSTOXIN,.,.,.,.,.,.,.,.,.,1,.,.,.,.,.,.,.,.,.,.,.,,,,
PMA,.,.,.,.,.,.,.,.,.,.,.,.,.,8,1,2,2,.,1,.,.,,,,
PMMA,.,.,.,.,.,.,.,.,.,.,.,6,.,3,.,1,2,.,.,.,.,,,,
POTASSIUM,.,.,.,.,.,.,.,.,.,.,.,.,.,.,1,.,.,.,.,.,.,,,,
PREGABALIN,.,.,.,.,.,.,.,.,.,.,1,1,5,12,26,42,71,121,216,282,334,,,,
PRIMIDONE,1,.,.,.,.,.,.,.,.,.,.,.,1,.,.,.,.,.,.,.,.,,,,
PROCHLORPERAZINE,.,.,.,.,.,.,.,.,.,.,.,.,.,.,.,.,.,.,1,.,.,,,,
PROCYCLIDINE,1,1,.,3,2,1,.,1,2,.,1,1,.,1,1,1,2,.,2,2,.,,,,
PROMAZINE,.,.,1,.,.,.,2,.,.,.,.,.,.,.,.,.,.,.,.,.,.,,,,
PROMETHAZINE,.,3,.,4,3,1,1,2,3,3,4,1,3,5,9,6,2,7,1,7,8,,,,
PROPAFENONE,.,.,.,.,.,.,.,.,.,.,.,.,.,1,.,.,1,.,.,.,.,,,,
PROPANE,1,.,1,2,.,1,.,2,1,3,1,2,2,.,3,2,2,2,3,1,1,,,,
PROPOFOL,2,.,.,.,.,.,.,1,.,.,.,.,.,.,.,.,.,1,.,1,.,,,,
PROPOXYPHENE,8,12,12,8,8,4,.,3,2,.,.,1,.,.,1,.,.,.,.,.,.,,,,
PROPRANOLOL,3,8,2,2,3,4,5,8,4,9,5,11,15,18,17,13,15,20,29,18,23,,,,
PROTHIADEN,13,12,4,.,2,.,.,.,.,1,.,.,.,.,.,.,.,.,.,.,.,,,,
PVP,.,.,.,.,.,.,.,.,.,.,.,.,.,.,.,1,.,.,.,.,.,,,,
PYRAZOLAM,.,.,.,.,.,.,.,.,.,.,.,.,.,.,1,.,2,1,.,.,.,,,,
QUETIAPINE,.,3,.,2,1,.,3,1,5,5,5,16,11,8,10,13,9,12,8,13,10,,,,
QUINALBARBITONE,.,1,.,.,.,1,.,.,1,.,.,.,.,.,.,.,.,.,.,.,.,,,,
QUININE,1,1,.,1,.,.,.,.,.,.,.,.,.,1,.,1,.,1,.,.,.,,,,
QUININE_SULPHATE,.,.,1,.,.,.,.,.,.,.,.,.,.,.,.,.,.,.,.,.,.,,,,
RAMIPRIL,.,.,.,.,.,.,.,.,.,.,.,.,.,.,.,1,1,.,.,.,.,,,,
REBOXETINE,.,.,.,.,.,.,1,.,.,.,.,.,.,.,.,.,.,.,.,.,.,,,,
REMIFENTANIL,1,.,.,.,.,.,.,.,.,.,.,.,.,.,.,.,.,.,.,.,.,,,,
RISPERIDONE,.,.,.,.,.,.,2,1,.,.,.,.,1,2,.,.,.,.,1,1,.,,,,
RITALIN,.,.,.,1,.,.,.,.,.,.,.,.,.,.,.,.,.,.,.,.,.,,,,
ROBAXIN,1,.,.,.,.,.,.,.,.,.,.,.,.,.,.,.,.,.,.,.,.,,,,
ROCURONIUM,.,.,.,.,.,.,.,.,.,.,.,.,.,.,1,.,.,.,.,1,.,,,,
SALICYLATE,1,.,.,1,.,1,.,.,.,.,2,.,1,.,.,.,.,.,.,.,.,,,,
SALICYLIC_ACID,1,.,.,.,.,.,.,.,.,.,.,1,.,.,.,.,.,.,.,.,.,,,,
SEDATIVE,.,.,.,1,.,1,.,.,.,1,3,2,2,.,7,7,19,22,9,1,.,,,,
SELEGILINE,.,.,.,.,.,.,.,.,.,.,.,.,.,.,.,1,.,.,.,.,.,,,,
SERENACE,.,.,1,.,.,.,.,.,.,.,.,.,.,.,.,.,.,.,.,.,.,,,,
SERTRALINE,.,1,3,1,1,2,5,2,4,2,6,3,6,7,11,13,16,16,19,10,11,,,,
SEVOFLURANE,.,.,1,.,.,.,1,.,.,.,.,.,.,.,.,.,.,.,.,.,.,,,,
SEVREDOL,.,.,.,.,.,.,.,.,.,.,.,1,.,.,.,.,.,.,.,.,.,,,,
SILDENAFIL,.,.,.,1,.,.,.,.,.,.,.,.,.,.,.,.,.,.,1,.,.,,,,
SODIUM_NITRITE,.,.,.,.,.,.,.,.,.,.,.,.,.,.,.,.,.,.,.,4,.,,,,
SODIUM_VALPROATE,1,1,.,.,1,1,.,.,1,.,.,.,.,.,.,.,.,1,1,1,.,,,,
SOLPADOL,.,.,1,.,.,.,.,.,1,2,.,.,.,.,.,.,.,1,.,.,.,,,,
SOLVENT,2,1,.,.,.,1,.,.,.,.,.,.,.,.,.,.,.,.,.,.,.,,,,
SOTALOL,.,.,.,.,.,.,.,.,.,.,.,.,.,.,1,.,.,.,.,.,.,,,,
STEROID,.,.,.,.,.,.,.,1,.,.,.,.,.,2,.,.,.,.,.,.,1,,,,
SULPIRIDE,.,.,.,.,1,.,3,1,.,.,.,.,1,.,.,1,.,.,.,1,1,,,,
SURMONTIL,.,1,.,.,.,.,.,.,.,.,.,.,.,.,.,.,.,.,.,.,.,,,,
TAPENTADOL,.,.,.,.,.,.,.,.,.,.,.,.,.,.,.,.,.,.,1,2,1,,,,
TEMAZEPAM,39,20,16,37,5,7,9,4,7,9,3,8,6,4,4,8,8,7,6,4,8,,,,
TFMPP,.,.,.,.,.,.,.,.,.,1,2,3,1,2,.,.,.,.,.,.,.,,,,
THEOPHYLLINE,1,1,.,.,.,.,.,.,.,.,.,.,.,1,.,1,1,.,.,1,.,,,,
THIOPENTAL,.,.,.,.,.,.,.,.,.,.,.,.,.,.,.,.,.,.,2,.,.,,,,
THIORIDAZINE,6,2,.,.,.,.,.,.,.,.,.,.,.,.,.,.,.,.,.,.,.,,,,
THYROXINE,.,1,.,.,.,.,.,.,.,.,.,.,.,.,.,.,.,.,.,.,.,,,,
TILDIEM,.,.,1,.,.,.,.,.,.,.,.,.,.,.,.,.,.,.,.,.,.,,,,
TRAMADOL,1,8,6,15,11,16,17,26,32,40,40,34,48,64,38,53,64,60,57,57,69,,,,
TRAZODONE,2,.,.,3,.,1,.,3,3,4,4,6,2,3,2,4,2,1,7,2,2,,,,
TRICHLOROETHANOL,.,1,1,.,.,.,.,.,.,.,.,.,.,.,.,.,.,.,.,.,.,,,,
TRICYCLIC,.,2,.,.,.,.,.,.,.,.,.,.,.,.,.,.,.,.,.,.,.,,,,
TRICYCLIC_DRUG,.,.,.,.,.,.,.,.,.,.,1,.,.,.,.,.,.,.,.,.,.,,,,
TRIHEXYPHENIDYL,.,.,.,.,.,1,.,.,.,.,.,.,.,.,.,.,.,.,.,.,.,,,,
TRIMETHOPRIM,.,.,.,.,.,.,.,.,1,.,.,.,.,.,.,.,.,.,.,.,.,,,,
TRIMIPRAMINE,.,.,.,.,.,.,1,1,1,.,.,.,.,.,.,.,.,1,.,.,.,,,,
TYLEX,1,1,.,.,1,.,.,.,.,.,.,.,.,.,.,.,.,.,.,.,.,,,,
UNSPECIFIED_DRUG,25,33,34,17,33,32,46,39,30,25,40,28,30,22,37,32,40,27,35,53,27,,,,
UNSPECIFIED_SOLVENT,.,.,.,.,.,.,.,1,2,1,2,.,1,.,2,1,3,1,3,2,1,,,,
VALIUM,4,.,.,.,.,.,.,.,.,.,.,.,.,.,.,.,.,.,.,.,.,,,,
VALPROATE,.,.,.,1,.,.,.,1,.,.,1,.,.,.,.,.,.,.,.,.,.,,,,
VALPROIC,.,.,1,.,.,.,.,.,.,.,.,.,.,.,.,.,.,.,.,.,.,,,,
VALPROIC_ACID,1,1,.,3,1,1,.,3,.,1,1,.,1,.,.,2,1,.,2,1,.,,,,
VENLAFAXINE,4,6,5,5,11,6,3,6,6,11,13,12,11,7,7,12,9,14,19,17,10,,,,
VERAPAMIL,.,.,.,3,1,1,.,2,3,1,1,.,3,.,1,2,1,.,1,.,2,,,,
VERCURONIUM,.,.,.,.,.,.,.,.,.,.,.,.,.,.,.,.,.,.,1,.,.,,,,
VOLATILE_SUBSTANCE,.,.,.,.,.,.,.,.,.,.,.,.,.,.,.,.,.,.,.,.,1,,,,
WARFARIN,.,.,.,.,.,.,.,.,.,.,1,.,.,1,.,.,.,.,.,.,.,,,,
ZOLPIDEM,.,1,.,2,.,.,.,.,2,.,.,4,.,1,1,1,.,2,.,1,2,,,,
ZOPICLONE,1,2,5,3,2,4,1,4,5,9,12,14,16,16,9,20,22,29,24,20,26,,,,
ZUCLOPENTHIXOL,.,.,.,.,.,.,.,1,.,.,.,.,1,.,1,.,1,.,.,.,1,,,,
,,,,,,,,,,,,,,,,,,,,,,,,,
,,,,,,,,,,,,,,,,,,,,,,,,,
,,,,,,,,,,,,,,,,,,,,,,,,,
List 2: drugs or substances which were present in the body but which were NOT considered to have had any direct contribution to the death.,,,,,,,,,,,,,,,,,,,,,,,,,
,,,,,,,,,,,,,,,,,,,,,,,,,
,,,,,,,,,Year in which death was registered,,,,,,,,,,,,,,,,
,,,,,,,,,2008,2009,2010,2011,2012,2013,2014,2015,2016,2017,2018,2019,2020,,,,
,,,,,,,,,,,,,,,,,,,,,,,,,
"Total number of drug poisoning deaths, ONS 'wide' definition basis",,,,,,,,,737,716,692,749,734,685,743,813,997,1045,1313,1406,1461,,,,
,,,,,,,,,,,,,,,,,,,,,,,,,
Drug / substance name,,,,,,,,,,,,,,,,,,,,,,,,,
4F-MDMB-BINACA,,,,,,,,,.,.,.,.,.,.,.,.,.,.,.,1,.,,,,
6-MAM,,,,,,,,,.,.,.,.,.,.,.,.,.,.,.,.,1,,,,
6MAM,,,,,,,,,.,.,.,.,.,1,.,.,.,.,.,.,.,,,,
6_MAM,,,,,,,,,.,.,.,.,.,.,.,.,.,.,1,.,.,,,,
7-AMINOCLONAZEPAM,,,,,,,,,.,.,.,.,.,.,.,.,.,.,.,1,.,,,,
7-AMINONITRAZEPAM,,,,,,,,,.,.,.,.,.,.,.,.,.,.,.,.,4,,,,
8_AMINOCLONAZOLAM,,,,,,,,,.,.,.,.,.,.,.,.,.,.,.,.,1,,,,
9-HYDROXYRISPERIDONE,,,,,,,,,.,.,.,.,.,.,.,.,.,.,1,.,.,,,,
AB-FUBINACA,,,,,,,,,.,.,.,.,.,.,.,.,.,.,1,.,.,,,,
ACETONE,,,,,,,,,.,.,.,.,.,.,.,1,.,.,.,.,.,,,,
ALCOHOL,,,,,,,,,112,120,105,118,136,129,137,156,224,240,298,332,267,,,,
ALFENTANIL,,,,,,,,,.,.,.,.,.,.,.,1,.,.,.,3,1,,,,
ALPRAZOLAM,,,,,,,,,.,1,.,2,1,.,.,.,6,10,9,9,3,,,,
AMFETAMINE,,,,,,,,,.,.,.,.,.,.,.,.,1,.,.,.,1,,,,
AMIODARONE,,,,,,,,,.,.,.,.,.,.,.,1,.,.,.,.,.,,,,
AMISULPRIDE,,,,,,,,,1,.,.,1,1,2,1,1,2,1,1,2,.,,,,
AMITRIPTYLINE,,,,,,,,,7,14,19,23,26,28,38,56,55,66,79,98,95,,,,
AMLODIPINE,,,,,,,,,1,.,.,.,.,2,1,2,2,1,4,2,.,,,,
AMPHETAMINE,,,,,,,,,2,10,6,11,7,9,8,7,4,5,10,9,2,,,,
ANABOLIC_STEROID,,,,,,,,,.,.,.,.,.,.,.,.,.,.,1,.,.,,,,
APB,,,,,,,,,.,.,.,.,1,.,.,.,.,.,.,.,.,,,,
ARIPIPRAZOLE,,,,,,,,,.,.,.,.,.,1,.,.,.,.,1,.,1,,,,
ASPIRIN,,,,,,,,,.,.,.,1,.,.,.,.,.,.,.,.,.,,,,
ATENOLOL,,,,,,,,,1,1,.,.,.,1,4,5,2,1,4,.,.,,,,
ATROPINE,,,,,,,,,.,.,1,1,.,.,.,.,1,.,.,.,.,,,,
BACLOFEN,,,,,,,,,.,.,.,.,.,.,.,.,.,1,2,1,5,,,,
BENZOCAINE,,,,,,,,,.,.,.,.,1,.,1,.,.,.,.,.,.,,,,
BENZODIAZEPINE,,,,,,,,,14,12,5,3,4,5,5,4,6,1,4,3,4,,,,
BENZOYLECGONINE,,,,,,,,,.,.,.,.,.,1,1,.,2,4,2,7,6,,,,
BENZOYLECOGNINE,,,,,,,,,3,3,.,.,.,4,1,1,.,.,1,.,.,,,,
BETA_HYDROXYBUTYRATE,,,,,,,,,.,.,.,.,.,.,.,1,.,.,.,.,.,,,,
BISOPROLOL,,,,,,,,,.,.,.,2,1,1,.,.,.,.,.,.,1,,,,
BOLDENONE,,,,,,,,,.,.,.,.,.,.,.,.,.,1,.,.,.,,,,
BUPRENORPHINE,,,,,,,,,1,.,.,3,1,12,10,9,9,8,11,10,15,,,,
BUTANE,,,,,,,,,1,.,.,1,.,.,.,.,.,.,.,.,.,,,,
BZP,,,,,,,,,.,1,1,2,1,.,.,.,.,.,.,.,.,,,,
CAFFEINE,,,,,,,,,.,.,.,2,1,2,.,.,.,.,.,.,1,,,,
CAMFETAMINE,,,,,,,,,.,.,.,.,.,1,.,.,.,.,.,.,.,,,,
CANNABIS,,,,,,,,,43,45,44,79,66,88,86,124,199,170,260,227,39,,,,
CARBAMAZEPINE,,,,,,,,,1,6,3,4,7,4,2,5,4,2,10,3,2,,,,
CETIRIZINE,,,,,,,,,.,.,.,.,.,.,.,.,.,1,1,.,.,,,,
CHLORDIAZEPOXIDE,,,,,,,,,14,12,5,4,3,6,8,3,2,2,1,1,5,,,,
CHLORPHENAMINE,,,,,,,,,.,.,.,.,.,.,.,.,.,.,.,.,1,,,,
CHLORPHENIRAMINE,,,,,,,,,1,1,2,2,.,.,15,1,4,1,8,7,5,,,,
CHLORPROMAZINE,,,,,,,,,2,6,.,5,2,5,9,6,13,12,12,16,14,,,,
CITALOPRAM,,,,,,,,,15,30,27,34,15,25,31,21,27,25,24,22,22,,,,
CLOBAZAM,,,,,,,,,.,.,.,.,.,.,1,.,1,1,.,.,1,,,,
CLOMIPRAMINE,,,,,,,,,.,.,2,.,1,1,.,1,1,.,5,.,.,,,,
CLONAZEPAM,,,,,,,,,.,1,.,.,.,2,.,.,.,.,3,1,7,,,,
CLONIDINE,,,,,,,,,.,.,.,.,.,.,.,.,.,.,1,.,.,,,,
CLORAZEPAM,,,,,,,,,.,.,.,.,.,.,.,.,1,.,.,.,.,,,,
CLOXAZOLAM,,,,,,,,,.,.,.,.,.,.,.,.,1,2,.,.,.,,,,
CLOZAPINE,,,,,,,,,1,.,.,3,2,.,1,1,2,5,5,1,.,,,,
CO-CODAMOL,,,,,,,,,1,1,1,1,.,1,.,.,1,.,.,2,.,,,,
CO-DYDRAMOL,,,,,,,,,.,1,.,.,.,.,.,.,.,.,.,.,.,,,,
COCAINE,,,,,,,,,41,24,17,19,17,16,15,11,20,27,49,52,55,,,,
CODEINE,,,,,,,,,11,28,32,25,20,39,40,32,36,42,47,51,63,,,,
CPP,,,,,,,,,.,.,.,.,1,.,.,.,.,.,.,.,.,,,,
CYCLIZINE,,,,,,,,,2,1,3,5,4,2,7,8,12,10,19,18,14,,,,
DELORAZEPAM,,,,,,,,,.,.,.,.,.,.,1,6,7,4,3,4,2,,,,
DESIPRAMINE,,,,,,,,,.,1,.,.,1,1,.,.,.,2,.,.,.,,,,
DESMETHYLDIAZEPAM,,,,,,,,,1,.,.,.,.,.,.,.,.,.,.,.,.,,,,
DESMETHYLIMIPRAMINE,,,,,,,,,.,.,.,.,.,.,.,1,.,.,.,.,.,,,,
DEXTROPROPOXYPHENE,,,,,,,,,.,.,.,.,1,.,.,.,.,.,.,.,.,,,,
DIAMORPHINE,,,,,,,,,5,2,.,.,3,1,.,.,.,.,.,.,.,,,,
DIAZEPAM,,,,,,,,,206,221,202,238,231,217,293,310,217,211,226,203,208,,,,
DIAZEPINE,,,,,,,,,.,.,.,.,.,.,.,.,.,.,.,.,1,,,,
DICLAZEPAM,,,,,,,,,.,.,.,.,.,.,2,11,19,3,1,.,.,,,,
DICLOFENAC,,,,,,,,,.,1,.,.,1,1,1,.,.,1,2,.,.,,,,
DIHYDROCODEINE,,,,,,,,,18,31,17,21,19,17,15,33,37,43,40,56,55,,,,
DILTIAZEM,,,,,,,,,.,6,.,.,.,.,.,1,.,.,.,1,1,,,,
DIPHENHYDRAMINE,,,,,,,,,2,4,.,2,3,4,7,3,2,8,6,8,5,,,,
DIPIPANONE,,,,,,,,,.,.,.,.,.,1,.,.,.,.,.,.,.,,,,
DOSULEPIN,,,,,,,,,.,1,.,1,.,.,.,.,.,1,3,3,.,,,,
DOTHIEPIN,,,,,,,,,1,.,4,2,3,.,2,2,1,.,.,.,1,,,,
DROSTANOLONE,,,,,,,,,.,.,.,.,.,.,.,.,.,1,.,.,.,,,,
DULOXETINE,,,,,,,,,.,1,.,.,1,1,5,1,7,8,7,14,4,,,,
ECGONINE_METHYL_ESTER,,,,,,,,,.,.,.,.,.,.,.,.,.,.,.,2,.,,,,
ECSTASY,,,,,,,,,2,.,1,.,.,.,1,.,1,.,.,.,1,,,,
EDDP,,,,,,,,,2,.,.,1,1,3,.,1,.,.,.,.,.,,,,
EPHEDRINE,,,,,,,,,.,.,.,1,.,.,.,.,.,.,.,.,.,,,,
ESCITALOPRAM,,,,,,,,,.,1,.,.,.,.,.,.,.,.,.,.,.,,,,
ETHANOL,,,,,,,,,.,.,.,.,.,.,.,.,.,1,.,.,.,,,,
ETHYLPHENIDATE,,,,,,,,,.,.,.,.,.,.,6,3,.,.,.,.,.,,,,
ETIZOLAM,,,,,,,,,.,.,.,.,.,7,39,17,44,24,11,20,32,,,,
FENTANYL,,,,,,,,,1,.,.,1,1,2,.,.,.,1,.,1,1,,,,
FLECAINIDE,,,,,,,,,.,.,.,.,.,.,.,.,1,.,.,.,.,,,,
FLUALPRAZOLAM,,,,,,,,,.,.,.,.,.,.,.,.,.,.,.,.,1,,,,
FLUBROMAZEPAM,,,,,,,,,.,.,.,.,.,.,1,1,.,.,.,.,.,,,,
FLUOXETINE,,,,,,,,,10,14,15,16,14,21,26,15,20,27,38,36,17,,,,
FLUPENTHIXOL,,,,,,,,,.,.,.,.,.,.,1,.,2,3,4,3,1,,,,
FLUPENTIXOL,,,,,,,,,.,.,.,1,1,.,.,.,1,.,.,.,.,,,,
FLUPHENAZINE,,,,,,,,,.,.,1,.,.,.,.,.,.,.,.,.,.,,,,
GABAPENTIN,,,,,,,,,.,1,.,13,33,27,32,74,55,83,86,54,38,,,,
GAMMA_HYDROXYBUTYRATE,,,,,,,,,1,.,.,.,1,.,.,1,3,5,2,4,.,,,,
GLICLAZIDE,,,,,,,,,.,.,.,.,.,.,.,.,.,1,1,.,1,,,,
GLIMEPIRIDE,,,,,,,,,.,.,.,.,.,.,.,.,.,.,.,.,1,,,,
HALOPERIDOL,,,,,,,,,.,.,.,.,1,.,.,.,4,.,1,.,.,,,,
HEROIN,,,,,,,,,7,6,4,8,5,7,3,1,2,2,2,4,4,,,,
HYDROCODONE,,,,,,,,,.,1,1,.,.,.,1,3,2,.,5,.,2,,,,
HYDROXYCHLOROQUINE,,,,,,,,,.,.,.,.,.,.,.,.,.,1,.,.,.,,,,
IBUPROFEN,,,,,,,,,1,3,6,3,5,4,3,4,2,6,6,3,4,,,,
IMIPRAMINE,,,,,,,,,.,2,.,.,.,.,.,.,.,.,1,.,.,,,,
ISOPROPANOL,,,,,,,,,.,.,.,.,.,.,.,.,.,.,1,.,.,,,,
KETAMINE,,,,,,,,,.,.,.,.,1,.,.,.,1,5,1,4,5,,,,
KRATOM,,,,,,,,,.,.,.,.,.,.,.,1,.,.,.,.,.,,,,
LABETALOL,,,,,,,,,.,.,.,.,.,.,.,.,1,.,.,.,.,,,,
LAMOTRIGINE,,,,,,,,,.,4,2,1,1,7,1,7,8,4,16,20,7,,,,
LETROZOLE,,,,,,,,,.,.,.,.,.,.,.,.,.,1,.,.,.,,,,
LEVAMISOLE,,,,,,,,,.,.,.,.,2,3,2,7,9,.,6,2,.,,,,
LEVETIRACETAM,,,,,,,,,.,.,.,.,1,.,1,.,5,4,5,12,9,,,,
LEVOMEPROMAZINE,,,,,,,,,.,.,.,.,.,.,1,.,.,.,.,.,.,,,,
LIGNOCAINE,,,,,,,,,3,8,5,3,2,7,7,11,9,13,19,15,15,,,,
LISINOPRIL,,,,,,,,,.,.,.,.,.,.,.,.,.,.,1,.,.,,,,
LITHIUM,,,,,,,,,.,.,.,.,1,2,.,.,1,.,.,.,.,,,,
LORAZEPAM,,,,,,,,,.,.,3,.,1,2,4,11,9,9,16,4,8,,,,
MDA,,,,,,,,,.,.,.,.,.,.,.,.,3,.,.,1,.,,,,
MDMA,,,,,,,,,.,.,.,.,.,2,.,.,2,2,1,.,.,,,,
MEPHEDRONE,,,,,,,,,.,.,.,.,.,1,.,1,.,.,.,.,2,,,,
METFORMIN,,,,,,,,,.,.,.,.,.,.,1,1,.,2,1,.,3,,,,
METHADONE,,,,,,,,,15,20,17,18,19,29,13,26,14,13,17,21,10,,,,
METHAMPHETAMINE,,,,,,,,,.,.,.,.,.,1,.,.,.,.,.,.,.,,,,
METHANDIENONE,,,,,,,,,.,.,.,.,.,.,.,.,.,1,.,.,.,,,,
METHAQUALONE,,,,,,,,,.,.,.,.,.,.,.,2,.,.,.,.,.,,,,
METHIOPROPAMINE,,,,,,,,,.,.,.,.,1,.,.,2,.,.,.,.,.,,,,
METHYLETHCATHINONE,,,,,,,,,.,.,.,.,.,.,.,1,.,.,.,.,.,,,,
METOCLOPRAMIDE,,,,,,,,,.,1,.,.,2,2,.,1,.,1,7,6,.,,,,
METOCLOPRAMINE,,,,,,,,,.,.,.,.,.,.,.,.,.,.,1,.,.,,,,
METOPROLOL,,,,,,,,,.,.,.,.,.,.,.,.,.,.,1,.,.,,,,
MIDAZOLAM,,,,,,,,,.,.,.,.,.,1,1,3,.,.,5,5,6,,,,
MIRTAZAPINE,,,,,,,,,11,17,31,61,63,65,108,119,149,170,234,237,290,,,,
MOCLOBEMIDE,,,,,,,,,.,.,.,.,.,.,.,.,.,1,.,.,.,,,,
MONOACEYTLMORPHINE,,,,,,,,,.,.,.,.,.,.,.,.,.,.,.,1,.,,,,
MORPHINE,,,,,,,,,9,16,14,15,17,12,12,15,12,17,24,27,38,,,,
MPA,,,,,,,,,.,.,.,.,.,1,4,1,.,.,.,.,.,,,,
NALOXONE,,,,,,,,,.,.,.,1,2,1,4,3,3,1,3,2,4,,,,
NANDROLONE,,,,,,,,,.,.,.,.,.,.,.,.,.,1,.,.,.,,,,
NAPROXEN,,,,,,,,,.,.,1,.,2,4,2,3,8,10,11,2,3,,,,
NARCOTIC,,,,,,,,,1,.,.,.,.,.,.,.,.,.,.,.,.,,,,
NEFOPAM,,,,,,,,,.,.,.,.,.,.,.,1,1,4,.,3,2,,,,
NITRAZEPAM,,,,,,,,,.,.,.,1,1,3,3,4,3,.,3,3,13,,,,
NON-STEROIDAL_ANTI-INFLAMMATORY_DRUGS,,,,,,,,,.,.,.,.,.,1,.,.,.,.,.,.,.,,,,
NORDIAZEPAM,,,,,,,,,1,.,.,.,1,2,.,.,.,.,.,.,.,,,,
NORFLUOXETINE,,,,,,,,,1,.,.,.,.,.,.,1,1,2,2,1,.,,,,
NORTRIPTYLINE,,,,,,,,,2,1,3,.,3,2,.,3,.,.,2,2,1,,,,
NOSCAPINE,,,,,,,,,.,2,.,.,1,2,.,.,.,.,.,.,.,,,,
OLANZAPINE,,,,,,,,,6,9,15,13,7,14,24,27,31,36,46,53,27,,,,
OMEPRAZOLE,,,,,,,,,.,.,.,1,.,.,.,.,.,.,.,.,.,,,,
ONDANSETRON,,,,,,,,,.,1,.,.,.,.,.,.,.,.,.,.,.,,,,
OPIATE,,,,,,,,,1,.,3,.,2,2,1,.,.,.,.,.,.,,,,
OXAZEPAM,,,,,,,,,1,.,2,7,1,.,1,1,3,4,3,1,1,,,,
OXYCODONE,,,,,,,,,.,.,.,.,.,1,1,4,1,1,2,5,5,,,,
OXYMETHOLONE,,,,,,,,,.,.,.,.,.,.,.,.,.,1,.,.,.,,,,
PALIPERIDONE,,,,,,,,,.,.,.,.,.,.,.,.,.,2,.,.,.,,,,
PAPAVERINE,,,,,,,,,.,.,.,.,.,1,.,.,.,.,.,.,.,,,,
PARACETAMOL,,,,,,,,,16,25,43,62,71,50,61,87,82,105,133,155,149,,,,
PAROXETINE,,,,,,,,,.,2,1,.,2,3,1,2,2,4,4,3,1,,,,
PETHIDINE,,,,,,,,,.,.,.,.,.,.,.,.,.,.,.,1,.,,,,
PHENAZEPAM,,,,,,,,,.,.,.,18,12,47,4,2,1,1,1,.,6,,,,
PHENETHAZINE,,,,,,,,,.,.,.,1,.,.,.,.,1,.,.,.,.,,,,
PHENOBARBITONE,,,,,,,,,.,.,.,.,.,.,1,.,.,.,.,.,.,,,,
PHENYTOIN,,,,,,,,,3,4,2,5,.,2,1,.,3,1,2,.,.,,,,
PHOLCODINE,,,,,,,,,.,.,.,.,.,.,.,.,.,.,1,.,.,,,,
PREGABALIN,,,,,,,,,.,.,.,.,4,15,20,42,62,97,155,136,114,,,,
PROCHLORPERAZINE,,,,,,,,,.,.,.,.,.,.,.,1,.,1,.,.,1,,,,
PROCYCLIDINE,,,,,,,,,1,4,5,4,3,3,4,2,5,6,4,10,12,,,,
PROMAZINE,,,,,,,,,.,.,.,.,2,.,1,.,.,.,1,.,.,,,,
PROMETHAZINE,,,,,,,,,.,4,1,3,1,9,5,4,8,7,22,19,34,,,,
PROPANE,,,,,,,,,.,.,1,.,.,.,.,.,.,.,.,.,.,,,,
PROPOFOL,,,,,,,,,.,.,.,.,1,.,.,.,.,.,.,.,.,,,,
PROPOXYPHENE,,,,,,,,,2,1,.,1,.,.,.,.,.,.,.,.,.,,,,
PROPRANOLOL,,,,,,,,,1,1,.,1,1,8,3,6,9,10,21,20,6,,,,
PSILOCIN,,,,,,,,,.,.,.,.,.,1,.,.,1,.,.,.,1,,,,
PYRAZOLAM,,,,,,,,,.,.,.,.,.,.,.,2,.,2,.,.,.,,,,
QUETIAPINE,,,,,,,,,4,3,10,14,10,10,18,29,24,24,44,43,26,,,,
QUININE,,,,,,,,,.,3,3,2,.,.,1,3,4,1,10,9,3,,,,
RISPERIDONE,,,,,,,,,.,2,3,2,1,2,2,2,3,4,7,6,1,,,,
RIVAROXABAN,,,,,,,,,.,.,.,.,.,.,.,.,.,.,1,.,.,,,,
SALBUTAMOL,,,,,,,,,.,2,.,.,.,.,1,3,4,1,2,2,6,,,,
SALICYLATE,,,,,,,,,.,.,.,.,.,.,.,.,.,.,.,.,1,,,,
SALICYLIC_ACID,,,,,,,,,1,.,.,.,.,.,.,.,.,.,.,.,.,,,,
SERTRALINE,,,,,,,,,1,4,2,11,6,8,12,20,41,49,68,58,72,,,,
SILDENAFIL,,,,,,,,,.,1,.,.,.,1,.,2,.,2,2,3,.,,,,
SODIUM_VALPROATE,,,,,,,,,.,.,.,.,.,.,.,1,1,.,7,4,2,,,,
STANOZOLOL,,,,,,,,,.,.,.,.,.,.,.,.,.,1,.,.,.,,,,
STEROID,,,,,,,,,.,.,.,1,.,.,.,.,.,1,.,.,.,,,,
SULPIRIDE,,,,,,,,,.,.,.,.,.,.,.,1,.,1,1,.,.,,,,
TADALAFIL,,,,,,,,,.,.,.,.,.,.,.,.,.,.,.,.,1,,,,
TAMOXIFEN,,,,,,,,,.,.,.,.,.,.,1,.,.,.,.,.,.,,,,
TEMAZEPAM,,,,,,,,,5,11,11,23,9,4,7,4,11,10,6,10,7,,,,
TETRAHYDROCANNABINOL,,,,,,,,,.,1,.,.,.,.,.,.,.,.,.,.,.,,,,
TFMPP,,,,,,,,,.,1,2,.,1,.,.,.,.,.,.,.,.,,,,
THC-COOH,,,,,,,,,.,.,.,.,.,.,.,.,.,.,.,1,.,,,,
THEOPHYLLINE,,,,,,,,,.,.,.,1,.,.,.,.,.,.,.,1,.,,,,
THIOPENTONE,,,,,,,,,.,.,.,.,1,.,.,.,.,.,.,.,.,,,,
TRAMADOL,,,,,,,,,3,5,11,13,9,12,19,21,19,20,21,15,18,,,,
TRAZODONE,,,,,,,,,2,8,3,5,6,7,8,10,9,17,14,17,3,,,,
TRENBOLONE,,,,,,,,,.,.,.,.,.,.,.,.,.,1,.,.,.,,,,
TRIFLUOPERAZINE,,,,,,,,,.,.,.,.,.,.,.,.,.,1,.,.,.,,,,
TRIMEPRAZINE,,,,,,,,,.,1,.,.,.,.,.,.,.,.,.,.,.,,,,
TRIMETHOPRIM,,,,,,,,,.,2,2,.,.,2,1,1,2,.,.,2,1,,,,
UNSPECIFIED_DRUG,,,,,,,,,.,1,.,.,.,1,1,.,.,1,.,1,.,,,,
VALPROATE,,,,,,,,,.,1,1,1,.,.,.,1,.,.,1,.,.,,,,
VALPROIC_ACID,,,,,,,,,1,2,5,2,6,1,7,5,5,6,4,8,4,,,,
VENLAFAXINE,,,,,,,,,4,4,3,5,4,7,5,14,9,19,22,15,18,,,,
VERAPAMIL,,,,,,,,,.,.,.,.,.,.,1,.,1,.,.,1,.,,,,
WARFARIN,,,,,,,,,.,.,.,.,.,.,.,.,1,.,.,.,.,,,,
ZOLPIDEM,,,,,,,,,.,.,.,2,.,1,2,4,.,3,1,1,2,,,,
ZOPICLONE,,,,,,,,,3,6,8,7,6,11,18,29,17,30,36,28,16,,,,
ZUCLOPENTHIXOL,,,,,,,,,.,.,.,.,2,.,1,2,3,2,5,3,2,,,,
,,,,,,,,,,,,,,,,,,,,,,,,,
,,,,,,,,,,,,,,,,,,,,,,,,,
,,,,,,,,,,,,,,,,,,,,,,,,,
� Crown Copyright 2021,,,,,,,,,,,,,,,,,,,,,,,,,
,,,,,,,,,,,,,,,,,,,,,,,,,
,,,,,,,,,,,,,,,,,,,,,,,,,
,,,,,,,,,,,,,,,,,,,,,,,,,
,,,,,,,,,,,,,,,,,,,,,,,,,
,,,,,,,,,,,,,,,,,,,,,,,,,
,,,,,,,,,,,,,,,,,,,,,,,,,
,,,,,,,,,,,,,,,,,,,,,,,,,
,,,,,,,,,,,,,,,,,,,,,,,,,
,,,,,,,,,,,,,,,,,,,,,,,,,
,,,,,,,,,,,,,,,,,,,,,,,,,
,,,,,,,,,,,,,,,,,,,,,,,,,
,,,,,,,,,,,,,,,,,,,,,,,,,
,,,,,,,,,,,,,,,,,,,,,,,,,
,,,,,,,,,,,,,,,,,,,,,,,,,
,,,,,,,,,,,,,,,,,,,,,,,,,
,,,,,,,,,,,,,,,,,,,,,,,,,
